Tree,Leaf length ,Leaf width,Branches,Trunk ht,Height,Biomass index
CS501,134,10.45,46,0.4,2.49,14.03
CS502,120,6.1,29,0.31,1.84,9.27
CS503,111,8.75,46,0.48,2.94,16.53
CS504,100,7.7,6,0.38,0.95,2.42
CS505,152,7.75,12,0.27,1.52,6.00
CS506,129,8.85,18,0.37,1.24,4.87
CS507,100,8.35,10,0.36,1.39,4.81
CS508,172,8.65,11,0.4,1.2,3.97
CS509,96,6.35,2,0.28,0.6,0.92
CS510,160,8.5,10,0.31,1.41,5.06
CS511,119,7.05,35,0.43,3.03,16.37
CS512,82,8.3,72,0.54,2.35,13.52
CS513,77,6.55,42,0.72,2.79,13.95
CS514,136,8.5,12,0.32,1.62,6.28
CS515,135,8.3,5,0.21,0.86,2.37
CS515,117,9.05,60,0.82,3.23,17.47
CS517,120,9.7,2,0.59,1.1,1.61
CS518,116,7.8,2,0.53,0.8,1.07
CS519,111,8,29,0.51,2.23,10.59
CS520,143,10.4,1,NA,1.43,1.43
CS521,115,8.4,1,NA,0.91,0.91
CS522,163,12.1,1,NA,1.36,1.36
CS523,88,5.25,1,NA,0.47,0.47
CS524,161,9.35,7,0.28,1.14,3.55
CS525,111,8.35,8,0.68,1.64,4.52
CS526,105,7.2,1,NA,0.3,0.30
CS527,145,13.2,1,NA,1.28,1.28
CS528,134,9.65,14,0.48,1.44,5.10
CS529,95,6,1,NA,0.34,0.34
CS530,93,6.1,2,0.46,0.76,1.06
CS531,101,7.2,60,0.38,3.36,20.96
CS532,113,6.1,46,0.31,1.98,11.20
CS533,107,7.7,2,0.63,0.94,1.25
CS534,134,7.1,2,0.78,1.15,1.52
CS535,112,7.5,4,0.5,1.71,4.13
CS536,112,6.9,3,0.54,0.92,1.52
CS537,133,9.5,8,0.34,1.39,4.54
CS538,106,6.6,69,0,2.21,15.71
CS539,114,7.4,1,NA,0.36,0.36
CS540,107,7.5,1,NA,0.4,0.40
CS541,148,6.1,15,0.55,2.02,7.76
CS542,129,7.6,13,0.36,1.91,7.65
CS543,130,7.5,27,0.49,2.32,11.02
CS544,115,5.7,44,0.28,1.83,10.29
CS545,107,6.9,23,0,2.64,14.58
CS546,159,8.5,6,0.51,1.32,3.41
CS547,136,7.7,2,0.42,1.03,1.64
CS548,138,5.8,2,0.49,1.68,2.87
CS549,116,6.6,4,0.38,1.32,3.20
CS550,85,7.5,3,0.05,0.56,1.37
CS551,149,9,12,0.61,1.88,6.43
CS700,130,9.45,12,0.55,1.23,3.67
CS701,142,10.8,7,0.64,2.07,6.08
CS702,118,10.5,5,0.61,1.24,2.70
CS703,85,8.35,4,0.63,0.81,1.17
CS704,113,6.75,25,0.74,2.3,9.54
CS705,111,9.1,23,0.44,3.1,15.13
CS706,110,7.2,5,0.35,0.82,1.91
CS707,139,11.85,4,0.55,1.72,4.06
CS708,115,11.9,2,0.57,0.71,0.85
CS709,121,7.5,29,0.52,2.31,11.01
CS710,110,7.45,1,NA,0.71,0.71
CS711,80,7.1,1,NA,0.65,0.65
CS712,117,8,6,0.27,1.35,4.14
CS713,119,8.85,11,0.53,2.54,9.49
CS714,159,8.15,8,0.72,2.32,7.12
RSR001,151,9.8,12,0.36,1.45,5.36
RSR002,123,7.7,3,0.49,1.23,2.40
RSR003,123,7.5,5,0.46,1.31,3.28
RSR004,115,6.4,27,0.22,1.96,10.23
RSR005,77,5.1,21,0.51,2.01,8.60
RSR006,93,6.6,2,0.42,0.6,0.78
RSR007,139,8.3,1,NA,1.09,1.09
RSR008,89,6,17,0.29,2.07,9.35
RSR009,102,6.1,12,0.33,1.52,5.79
RSR010,115,7.4,2,0.69,0.97,1.25
RSR011,125,7,2,0.66,0.84,1.02
RSR012,107,7.7,14,0.56,1.92,7.10
RSR013,89,7.8,7,0.7,2.1,6.03
RSR014,108,6.8,64,0.12,2.49,16.71
RSR015,93,7.5,4,0.01,1.46,4.36
RSR016,115,7.2,6,0.28,0.92,2.57
RSR017,111,9.1,2,0.4,0.69,0.98
RSR018,76,9.3,1,NA,0.41,0.41
RSR019,104,7.4,28,0.64,2.76,12.95
RSR020,97,4.9,2,0.4,0.51,0.62
RSR021,131,7.8,7,0.46,1.3,3.66
RSR022,101,7.5,3,0.19,1.44,3.42
RSR023,106,7.6,12,0.58,2.04,7.27
RSR024,112,6.1,44,0.37,1.84,9.87
RSR025,127,7,10,0.32,1.19,4.08
RSR026,122,7.9,9,0.61,2.81,9.78
RSR027,132,7.2,3,0.44,1.21,2.43
RSR028,97,7.4,8,0.36,1.03,3.04
RSR029,117,7.7,8,0.39,1.32,4.11
RSR030,122,8.7,23,1.37,3.21,11.53
RSR031,109,7.4,2,0.3,0.52,0.74
RSR032,139,8.3,4,0.79,1.17,1.93
RSR033,105,6.2,23,0.26,2.04,10.09
RSR034,89,5.8,25,0.23,2.28,11.80
RSR035,97,7.3,3,0.26,0.76,1.55
RSR036,121,8.9,18,0.2,2,9.51
RSR037,103,7.7,1,NA,0.34,0.34
RSR038,174,12.3,2,0.41,1.22,2.03
RSR039,106,7.6,4,0.94,1.69,3.19
RSR040,119,9.2,12,0.39,1.81,6.90
RSR041,101,8.8,24,0.42,2.5,12.04
RSR042,141,11.4,6,0.42,1.35,3.75
RSR043,104,6.8,1,NA,0.35,0.35
RSR044,153,8.1,12,0.33,1.75,6.84
RSR045,114,7,3,0.19,0.6,1.25
RSR046,189,11.1,20,0.1,2.04,10.42
RSR047,146,10.7,8,0.41,1.75,5.77
RSR048,96,9.2,6,0.08,1.96,6.82
RSR049,125,8.3,2,0.43,0.62,0.81
RSR050,131,9.4,6,0.14,2.59,8.92
RSR051,135,7.3,19,0.35,2.23,10.22
RSR052,131,10.4,6,0.31,1.35,4.04
RSR053,120,6,1,NA,0.37,0.37
RSR054,98,7.3,2,0.42,0.58,0.74
RSR055,122,6.6,1,NA,0.38,0.38
RSR056,125,7.3,1,NA,0.25,0.25
RSR057,140,11.1,2,1.34,1.47,1.60
RSR058,108,8.6,1,NA,0.36,0.36
RSR059,117,7.4,2,0.25,0.37,0.49
RSR060,117,6.5,1,NA,0.28,0.28
RSR061,95,7.4,1,NA,0.31,0.31
RSR100,129,7.85,2,0.3,0.59,0.88
RSR101,169,10.5,2,0.34,0.71,1.08
RSR102,110,8.55,65,0.27,2.14,13.40
RSR103,148,9.1,2,0.58,0.77,0.96
RSR104,111,8.6,1,NA,0.46,0.46
RSR105,126,9.15,8,0.39,1.7,5.63
RSR106,133,10.9,9,0.35,2.23,8.19
RSR107,112,10.05,15,0.55,2.14,8.35
RSR108,100,7.2,2,0.41,0.79,1.17
RSR109,117,6,30,0.28,2.3,12.21
RSR110,109,9.05,2,0.34,0.56,0.78
RSR111,100,6.85,2,0.25,0.46,0.67
RSR112,71,7.6,1,NA,0.39,0.39
RSR113,100,6.9,13,0.58,1.67,5.70
RSR114,100,5.7,34,0.49,2.62,13.46
RSR115,168,9.05,7,0.57,1.92,5.71
RSR116,112,8.8,2,0.4,0.53,0.66
RSR117,115,7.05,35,0.42,2.38,12.43
RSR118,129,10.5,10,0.32,2.06,7.84
RSR119,120,9.1,17,0.68,1.98,7.29
RSR120,130,7.7,13,0.34,2.36,9.83
RSR121,119,8.6,2,0.46,0.68,0.90
RSR122,117,8.8,15,0.55,1.38,4.62
RSR123,93,6.8,4,0.45,0.7,1.20
TV1003,146,9.8,41,0.13,1.73,10.31
TV2001,140,11.3,8,0.95,3.00,9.15
TV2002,150,7.1,13,0.33,1.30,4.89
TV2003,129,9.3,30,0.48,2.18,10.52
TV2004,150,5.9,2,0.32,0.90,1.48
TV2005,120,8.1,25,0.45,2.62,12.70
TV2006,148,8.1,10,0.24,1.60,6.12
TV2007,124,10.3,24,0.56,2.69,12.46
TV2008,167,10.2,3,0.27,1.50,3.45
TV2009,134,10.0,4,0.68,1.42,2.90
TV2011,161,10.3,15,0.46,2.10,8.51
TV2012,235,10.3,2,0.63,2.25,3.87
TV2013,147,9.0,15,1.13,2.56,8.15
TV2014,212,15.0,2,0.33,1.20,2.07
TV2015,141,8.4,19,0.35,2.92,13.84
TV2016,154,9.2,1,NA,1.36,1.36
TV2017,169,9.5,5,0.56,2.40,6.67
TV2018,169,11.0,4,1.20,1.51,2.13
TV2019,163,10.1,4,1.58,1.85,2.39
TV2020,175,11.4,2,1.74,1.80,1.86
TV2021,210,12.2,18,0.30,2.47,11.52
TV2022,158,9.0,31,0.78,2.50,11.02
TV2023,143,10.1,7,1.30,2.08,4.27
TV2024,133,8.2,11,0.38,1.30,4.48
TV2025,168,11.4,5,0.27,1.79,5.32
TV2026,182,11.2,2,0.61,1.35,2.09
TV2027,210,11.9,3,0.20,1.54,3.66
TV2028,211,12.9,21,0.33,1.50,6.64
TV2029,145,9.6,15,0.96,2.06,6.36
TV2030,179,9.1,3,0.58,2.14,4.61
TV2031,133,9.3,8,0.59,2.63,8.75
TV2032,120,8.9,2,0.83,0.93,1.03
TV2033,157,8.2,13,0.29,1.32,5.13
TV2034,183,12.0,13,0.57,1.50,4.94
TV2035,149,7.2,9,0.57,1.50,4.45
TV2036,203,10.2,5,0.58,1.75,4.47
TV2037,122,9.2,14,0.18,2.95,13.50
TV2038,106,8.2,28,0.45,2.19,10.55
TV2039,148,11.2,2,0.19,0.80,1.41
TV2040,117,11.2,17,0.66,2.35,9.26
TV2041,142,8.1,20,0.44,2.84,13.21
TV2042,134,9.3,30,0.47,3.54,18.60
TV2043,228,11.2,11,0.90,2.40,7.59
TV2044,236,12.3,1,NA,1.50,1.50
TV2045,167,10.3,2,0.70,1.67,2.64
TV2046,180,10.3,5,1.50,2.19,3.79
TV2047,121,11.2,37,0.47,2.30,11.83
TV2048,186,10.4,6,1.30,2.10,4.17
TV2049,178,9.2,6,0.30,0.80,2.09
TV2050,158,8.3,11,0.75,1.40,3.65
TV2051,144,9.3,32,0.32,2.02,10.52
TV2052,178,10.4,7,0.30,1.40,4.49
TV2053,153,11.3,11,1.58,2.20,4.34
TV2054,158,12.1,5,1.73,2.38,3.89
TV2055,141,8.2,26,0.55,2.22,10.07
TV2056,159,11.2,1,NA,1.86,1.86
TV2057,175,9.2,3,0.24,0.90,1.95
TV2058,182,9.4,2,1.35,1.58,1.81
TV2059,174,10.2,1,NA,1.50,1.50
TV2060,217,11.4,4,1.84,2.28,3.16
TV2061,144,7.4,13,0.31,2.30,9.66
TV2062,156,8.2,2,0.50,0.62,0.74
TV2063,108,7.2,2,0.70,0.80,0.90
TV2064,172,10.2,11,1.42,3.20,9.36
TV2065,142,10.2,20,1.84,2.64,6.10
TV2066,131,11.0,24,0.50,1.30,4.97
TV2067,190,10.3,1,NA,1.50,1.50
TV2068,167,8.2,1,NA,1.68,1.68
TV2069,140,8.2,2,0.80,0.90,1.00
TV2070,164,11.3,31,0.90,3.54,16.62
TV2071,152,8.2,1,NA,1.10,1.10
TV2077,197,7.2,23,1.89,3.99,13.49
TV2078,202,9.2,12,2.45,4.02,9.65
TV2079,264,11.2,23,2.24,4.01,12.02
TV2080,260,12.4,1,NA,1.96,1.96
TV2081,231,10.2,3,1.40,2.12,3.26
TV2082,208,8.2,1,NA,2.02,2.02
TV2083,239,9.2,1,NA,1.45,1.45
TV2084,214,7.4,14,0.80,1.92,6.18
TV2085,193,6.4,6,1.50,1.50,1.50
TV2086,196,10.2,17,0.95,4.22,17.59
TV2087,229,10.2,38,3.00,5.30,17.37
TV2088,202,10.3,5,1.74,2.84,5.39
TV2089,193,9.6,27,0.67,3.72,18.22
TV2090,241,10.3,1,NA,1.45,1.45
TV2091,209,9.9,5,3.10,4.70,8.42
TV2251,132,8.1,56,0.16,3.13,20.41
TV2252,157,13.4,22,0.33,1.49,6.66
TV2253,156.5,6.8,2,0.53,0.70,0.87
TV2254,124,8.8,3,0.38,0.73,1.29
TV2255,165,10.5,23,0.26,3.14,16.14
TV2256,190,9.0,7,0.88,1.47,3.13
TV2257,197,12.6,8,0.55,1.20,3.15
TV2258,166,11.1,11,0.44,2.43,9.31
TV2259,162,12.3,1,NA,1.19,1.19
TV2260,178,11.8,21,0.50,3.01,14.03
TV2261,226,11.8,1,NA,1.66,1.65
TV2262,115,10.5,3,0.43,0.79,1.36
TV2263,124,7.4,64,0.31,2.50,15.64
TV2264,100,8.5,47,0.51,2.21,11.65
TV2265,185,18.8,17,0.73,3.25,13.55
TV2266,172,12.2,6,0.49,2.65,8.23
TV2267,122,7.1,98,0.35,3.47,24.11
TV2268,152,9.7,11,0.26,1.61,6.28
TV2269,144,9.8,49,1.03,3.18,15.25
TV2270,225,15.9,1,NA,1.78,1.78
TV2271,177,9.7,30,0.53,2.68,13.23
TV2272,112,9.6,3,0.53,0.88,1.43
TV2273,129,11.3,5,0.19,0.90,2.53
TV2274,106,6.3,92,0.73,3.73,23.30
TV2275,173,9.4,7,0.49,1.55,4.53
TV2276,166,13.3,15,1.23,2.11,5.55
TV2277,96,7.8,15,1.02,1.78,4.75
TV2278,120,9.6,67,0.56,2.82,16.49
TV2279,122,8.9,72,1.62,3.54,15.35
TV2280,97.5,7.9,67,0.37,2.60,16.13
TV2281,112,9.7,7,0.36,0.70,1.65
TV2282,157,14.4,45,0.60,1.46,6.18
TV2283,178,13.8,1,NA,1.20,1.20
TV2284,130,9.9,28,0.64,1.09,3.25
TV2285,143,10.0,2,0.70,1.01,1.32
TV2286,146,8.8,17,0.96,2.52,8.87
TV2287,88.8,9.9,36,0.87,3.44,16.73
TV2288,128,11.1,7,0.26,1.16,3.69
TV2289,177,9.1,28,0.37,1.38,6.24
TV2290,88.9,7.7,4,0.46,1.00,2.08
TV2291,124,9.6,38,0.58,2.62,13.33
TV2292,212,12.0,74,0.45,3.58,23.02
TV2293,189,9.4,12,0.43,1.91,7.22
TV2294,192,14.3,6,0.64,2.14,6.00
TV2295,124,6.9,2,0.18,0.44,0.69
TV2296,94,8.0,2,0.24,0.33,0.42
TV2297,116,9.4,68,0.65,3.16,18.40
TV2298,182,12.2,38,1.95,4.20,16.01
TV2299,79,7.5,4,0.25,0.61,1.33
TV2300,144,10.8,2,0.38,0.56,0.74
TV2301,164,7.8,52,0.34,3.20,19.50
TV2302,158,12.0,4,0.66,1.92,4.44
TV2303,129,9.9,25,0.68,3.77,18.12
TV2304,142,9.9,6,0.33,1.30,3.81
TV2305,172,9.9,16,1.86,3.32,9.16
TV2501,135,7.6,2,0.37,0.64,0.91
TV2502,161,9.1,2,0.63,0.83,1.03
TV2503,131,6.3,2,0.39,0.56,0.73
TV2504,131,9.5,16,0.23,1.65,7.33
TV2505,155,9.4,39,0.25,2.04,11.50
TV2506,136,9.4,3,0.88,1.54,2.59
TV2507,156,8.5,31,0.53,4.02,21.31
TV2508,114,7.5,8,0.35,0.86,2.39
TV2509,270,11.3,31,1.65,4.01,15.70
TV2510,186,9.2,27,2.32,4.20,13.14
TV2511,238,13.3,1,NA,1.06,1.06
TV2512,222,12.5,9,1.24,2.28,5.58
TV2513,245,10.1,1,NA,2.15,2.15
TV2514,214,10.1,36,1.22,3.29,13.99
TV2515,217,11.1,1,NA,1.13,1.13
TV2516,174,11.5,1,NA,1.00,1.00
TV2517,261,10.0,1,NA,1.40,1.40
TV2518,196,10.5,3,1.37,1.89,2.71
TV2519,257,10.2,17,2.00,3.80,11.16
TV2520,192,10.7,1,NA,2.52,2.52
TV2521,171,9.0,1,NA,1.32,1.32
TV2522,212,10.2,2,0.86,2.10,3.34
TV2523,258,10.5,10,0.50,2.47,9.01
TV2524,185,8.4,45,0.44,3.29,18.94
TV2525,120,8.4,2,0.64,1.01,1.38
TV2526,213,10.8,16,0.50,3.88,17.40
TV2527,165,7.5,2,0.06,0.75,1.44
TV2528,189,8.0,1,NA,1.26,1.26
TV2529,214,10.2,14,1.45,2.46,6.31
TV2530,130,8.3,6,0.36,1.07,2.91
TV2751,169,10.0,6,0.56,2.10,6.09
TV2752,172,11.0,17,0.40,2.10,9.05
TV2753,170,9.0,19,0.26,1.90,8.89
TV2754,155,9.0,13,0.43,2.33,9.38
TV2755,171,9.0,2,0.65,1.15,1.66
TV2756,110,10.0,2,0.48,0.72,0.96
TV2757,160,12.0,6,0.01,1.15,4.10
TV2758,134,11.0,8,0.02,0.69,2.68
TV2759,105,5.0,1,0.11,0.52,0.52
TV2760,125,10.0,3,0.39,0.62,0.97
TV2761,167,9.0,29,0.16,1.65,8.89
TV2762,166,10.0,16,0.23,1.41,6.13
TV2763,140,11.0,47,0.32,2.76,16.31
TV2764,150,9.0,5,0.28,1.10,3.00
TV2765,155,11.0,12,0.38,2.10,8.27
TV2766,154,11.0,29,0.59,3.00,14.71
TV2767,144,10.0,19,0.38,1.95,8.62
TV2768,180,10.0,10,0.28,1.68,6.33
TV2769,206,10.0,6,0.30,1.75,5.50
TV2770,172,8.0,17,0.32,2.10,9.38
TV2771,139,6.0,2,0.22,0.35,0.48
TV2772,173,9.0,3,0.27,1.20,2.67
TV2773,124,6.0,2,0.39,0.55,0.71
TV2774,104,7.0,2,0.30,0.45,0.60
TV2775,140,7.0,24,0.06,1.85,10.06
TV2776,125,7.0,2,0.39,0.48,0.57
TV2777,170,11.0,2,0.81,1.45,2.09
TV2778,139,9.0,60,0.50,2.98,17.63
TV2779,197,11.0,31,0.45,2.62,13.37
TV2780,184,9.0,10,0.48,1.85,6.40
TV2781,214,10.0,15,0.08,1.58,7.44
TV2782,141,8.0,4,0.53,0.79,1.31
TV2783,163,7.0,3,0.42,0.80,1.40
TV2784,120,7.0,4,0.49,0.70,1.12
TV2785,150,6.0,2,0.01,0.20,0.39
TV2786,158,9.0,3,0.38,1.11,2.27
TV2787,175,11.0,10,0.55,1.68,5.43
TV2788,159,6.0,22,0.58,2.34,10.19
TV2789,148,7.0,36,0.28,2.61,14.66
TV2790,216,8.0,7,0.48,1.78,5.43
TV2791,163,11.0,27,0.31,2.30,11.76
TV2792,189,9.0,1,NA,1.21,1.21
TV2793,200,12.0,21,0.52,2.96,13.68
TV2794,142,7.0,2,0.38,0.52,0.66
TV2795,279,10.0,2,0.80,1.10,1.40
TV2796,138,7.0,4,0.30,0.59,1.17
TV2797,135,9.0,4,0.40,1.29,3.07
TV2798,172,9.0,10,0.35,1.75,6.40
TV2799,143,8.0,2,0.68,1.00,1.32
TV2800,190,10.1,5,0.29,1.31,3.68
TV2801,149,10.4,16,0.65,2.26,8.70
TV2802,201,10.1,1,NA,1.41,1.41
TV2803,101,7.5,2,0.39,0.58,0.77
TV2804,104,7.7,4,0.49,0.70,1.12
TV2805,91,5.0,1,0.28,0.39,0.39
TV2806,157,8.2,2,0.61,1.10,1.59
TV2807,86,8.1,4,0.49,0.91,1.75
TV2808,88,7.2,3,0.42,0.74,1.25
TV2809,141,8.1,8,0.53,1.32,3.69
TV2810,180,11.2,6,0.42,0.82,1.85
TV2811,139,9.4,77,0.28,2.38,15.54
TV2812,191,11.7,3,0.37,1.42,3.08
TV2813,151,9.7,41,0.28,2.53,14.58
TV3001,82,7.2,12,0.23,0.79,2.80
TV3002,96,10.2,4,0.51,1.60,3.78
TV3003,148,10.5,31,0.47,2.17,10.59
TV3004,133,10.3,11,1.11,1.72,3.83
TV3005,140,8.8,1,NA,0.41,0.41
TV3006,123,8.8,2,0.25,0.37,0.49
TV3007,144,10.1,1,NA,1.42,1.42
TV3008,186,10.5,1,NA,1.66,1.66
TV3009,154,7.2,3,1.37,1.85,2.61
TV3010,185,10.1,1,NA,1.15,1.15
TV3011,139,9.2,4,0.45,1.51,3.63
TV3012,113,6.2,14,0.71,1.84,6.14
TV3013,176,12.2,12,0.56,1.86,6.52
TV3014,160,9.1,19,0.21,1.80,8.55
TV3015,115,10.2,7,1.07,1.67,3.35
TV3016,149,8.8,17,0.52,1.94,7.74
TV3017,179,9.5,2,0.58,1.39,2.20
TV3018,159,8.3,2,0.42,0.96,1.50
TV3019,174,8.0,2,0.92,1.43,1.94
TV3020,173,9.5,3,0.04,1.78,4.54
TV3021,198,12.0,1,NA,1.55,1.55
TV3022,97,7.0,1,NA,0.29,0.29
TV3023,136,9.0,2,0.72,0.98,1.24
TV3024,182,9.4,9,0.85,1.74,4.56
TV3025,152,7.1,36,0.48,2.10,10.48
TV3026,131,9.9,29,0.85,2.83,12.45
TV3027,192,13.0,3,1.16,1.62,2.35
TV3028,114,7.1,3,0.89,1.10,1.43
TV3029,153,10.0,1,NA,0.84,0.84
TV3030,160,9.1,2,0.67,1.11,1.55
TV3031,133,9.8,2,0.68,0.94,1.20
TV3032,122,9.4,5,0.45,1.64,4.40
TV3033,192,10.8,1,NA,1.30,1.30
TV3034,122,8.0,1,NA,0.26,0.26
TV3035,128,7.2,6,0.49,0.97,2.21
TV3036,142,7.1,4,0.46,0.86,1.66
TV3037,153,7.8,2,0.17,0.76,1.35
TV3038,189,12.0,9,0.76,1.48,3.76
TV3039,172,9.9,7,0.88,1.59,3.58
TV3040,179,12.2,18,1.31,2.30,6.43
TV3041,198,7.2,7,0.46,1.85,5.75
TV3042,174,10.0,3,1.16,1.96,3.23
TV3042,174,10.0,3,1.16,1.96,3.23
TV3043,131,8.9,21,0.55,1.69,6.70
TV3043,131,8.9,21,0.55,1.69,6.70
TV3044,167,12.1,8,0.83,1.77,4.59
TV3044,167,12.1,8,0.83,1.77,4.59
TV3045,209,10.8,1,NA,1.47,1.47
TV3046,153,11.0,5,0.39,1.45,3.91
TV3047,152,11.0,22,0.29,2.50,12.36
TV3048,176,11.0,3,1.32,1.78,2.51
TV3049,128,9.5,54,0.24,2.10,12.80
TV3050,101,6.7,5,0.11,0.47,1.31
TV3051,120,8.8,8,0.28,1.32,4.44
TV3052,148,7.8,1,NA,0.67,0.67
TV3053,160,7.8,7,0.27,1.10,3.43
TV3054,161,9.4,2,0.68,1.11,1.54
TV3055,159,7.1,2,0.62,1.07,1.52
TV3056,100,7.2,10,0.27,0.58,1.61
TV3201,173,10.0,1,NA,1.23,1.23
TV3202,108,9.3,1,NA,0.65,0.65
TV3203,124,9.4,1,NA,0.95,0.95
TV3204,140,11.0,1,NA,1.68,1.68
TV3205,171,10.5,6,1.22,1.57,2.47
TV3206,136,8.8,8,0.67,1.65,4.59
TV3207,111,6.9,2,0.35,0.54,0.73
TV3208,204,14.0,5,0.89,2.51,6.27
TV3209,129,7.9,2,0.55,0.85,1.15
TV3210,139,7.8,3,0.35,0.93,1.85
TV3211,174,8.3,1,NA,0.64,0.64
TV3212,137,8.6,1,NA,1.10,1.10
TV3213,132,7.4,1,NA,0.85,0.85
TV3214,143,10.3,1,NA,0.49,0.49
TV3215,169,8.7,1,NA,0.42,0.42
TV3216,169,6.5,1,NA,0.30,0.30
TV3217,164,10.4,1,NA,1.32,1.32
TV3218,118,8.6,1,NA,0.28,0.28
TV3219,199,12.8,1,NA,1.52,1.52
TV3220,134,9.2,1,NA,1.04,1.04
TV3221,138,8.9,1,NA,0.44,0.44
TV3222,136,10.0,1,NA,1.15,1.15
TV3223,116,8.8,1,NA,0.66,0.66
TV3224,198,11.6,1,NA,1.41,1.41
TV3225,220,8.8,1,NA,0.88,0.88
TV3226,160,8.9,1,NA,0.52,0.52
TV3227,111,9.1,1,NA,0.60,0.60
TV3228,194,6.9,1,NA,1.36,1.36
TV3229,264,12.3,1,NA,1.70,1.70
TV3230,104,10.0,1,NA,0.43,0.43
TV3231,157,10.1,2,0.46,0.67,0.88
TV3232,129,8.4,1,NA,0.78,0.78
TV3233,151,8.6,1,NA,0.86,0.86
TV3234,162,11.2,1,NA,0.31,0.31
TV3235,154,9.1,1,NA,0.75,0.75
TV3236,155,8.5,1,NA,0.99,0.99
TV3237,160,8.7,1,NA,0.28,0.28
TV3238,132,7.7,1,NA,0.30,0.30
TV3239,176,8.1,1,NA,0.35,0.35
TV3240,184,10.0,1,NA,0.46,0.46
TV3241,216,10.8,1,NA,0.88,0.88
TV3243,186,8.2,1,NA,0.86,0.86
TV3244,133,7.9,1,NA,0.33,0.33
TV3245,201,10.0,5,0.58,1.51,3.67
TV3500,159,9.0,22,0.35,2.37,11.38
TV3501,156,10.1,4,0.53,1.31,2.87
TV3502,160,10.0,15,0.38,2.17,9.16
TV3503,103,7.2,1,NA,0.52,0.52
TV3504,140,8.4,1,NA,0.40,0.40
TV3505,128,8.4,9,0.16,1.25,4.71
TV3506,168,13.2,13,0.35,1.29,4.77
TV3507,156,13.3,2,0.60,1.30,2.00
TV3508,144,10.2,3,0.11,1.40,3.44
TV3509,174,11.3,1,NA,1.83,1.83
TV3510,171,10.0,2,0.77,1.64,2.51
TV3511,168,11.1,1,NA,1.17,1.17
TV3512,135,10.1,12,0.30,1.61,6.31
TV3513,151,10.1,2,0.20,1.02,1.84
TV3514,138,8.2,2,0.49,0.90,1.31
TV3515,128,7.4,1,NA,0.71,0.71
TV3516,121,7.2,1,NA,0.63,0.63
TV3517,147,8.3,5,0.63,1.44,3.32
TV3518,162,15.0,2,0.55,1.24,1.93
TV3519,130,8.2,1,NA,0.59,0.59
TV3520,141,9.0,2,0.60,0.96,1.32
TV3521,132,9.4,1,NA,0.61,0.61
TV3522,133,9.3,3,0.40,1.87,4.20
TV3523,154,12.0,4,0.27,1.69,4.53
TV3524,124,9.0,31,0.21,1.45,7.59
TV3525,147,11.0,5,0.15,1.13,3.41
TV3526,162,11.1,1,NA,1.04,1.04
TV3527,148,11.3,13,0.76,2.00,6.59
TV3528,140,9.4,2,0.34,0.73,1.12
TV3529,176,11.4,5,0.38,1.92,5.50
TV3530,145,10.5,11,0.28,1.35,5.05
TV3531,136,9.2,5,0.24,2.01,6.12
TV3532,129,8.1,4,0.96,1.37,2.19
TV3533,117,9.0,6,0.92,1.40,2.64
TV3534,110,7.4,2,0.12,1.81,3.50
TV3535,127,9.1,1,NA,0.66,0.66
TV3536,115,8.4,1,NA,0.67,0.67
TV3537,99,9.4,1,NA,0.50,0.50
TV3538,114,7.4,1,NA,0.50,0.50
TV3539,118,10.5,1,NA,0.68,0.68
TV3540,125,10.8,1,NA,0.43,0.43
TV3541,95,10.0,1,NA,0.42,0.42
TV3542,127,10.2,4,0.13,1.63,4.63
TV3543,134,9.5,6,0.09,1.69,5.83
TV3544,121,12.1,5,0.66,2.04,5.24
TV3545,135,12.7,1,NA,0.90,0.90
TV3546,164,10.3,1,NA,1.01,1.01
TV3547,95,10.8,1,NA,0.79,0.79
TV3548,126,13.4,1,NA,0.59,0.59
TV3549,101,10.1,4,0.01,0.29,0.85
TV3550,126,10.5,16,0.34,2.01,8.69
TV3551,147,11.0,1,NA,1.00,1.00
TV3552,122,10.3,47,0.10,1.84,11.50
TV3553,130,10.3,3,0.09,1.06,2.60
TV3554,136,10.9,4,0.43,1.45,3.49
TV3555,127,11.1,4,0.30,1.30,3.30
TV3556,128,13.0,8,0.25,0.84,2.61
TV3557,127,8.4,1,NA,0.79,0.79
TV3558,123,10.4,1,NA,0.56,0.56
TV3559,102,8.6,1,NA,0.53,0.53
TV3560,134,10.6,1,NA,0.45,0.45
TV3561,153,14.0,1,NA,1.36,1.36
TV3562,110,8.3,1,NA,0.33,0.33
TV3563,153,13.3,8,0.45,2.34,8.01
TV3564,117,9.4,2,0.88,1.17,1.46
TV3565,161,10.6,8,0.25,1.02,3.33
TV3566,147,10.1,8,0.44,1.34,4.04
TV3567,130,7.2,3,0.01,0.45,1.15
TV3568,144,11.9,11,0.41,2.44,9.46
TV3569,148,11.4,1,NA,1.41,1.41
TV3570,85,8.4,1,NA,0.30,0.30
TV3571,147,10.0,3,0.35,1.78,4.05
TV3572,116,8.6,3,0.22,1.05,2.37
TV3573,97,7.7,4,0.29,0.77,1.73
TV3574,121,9.9,15,0.31,1.53,6.30
TV3575,122,10.5,3,0.42,2.02,4.56
TV3576,95,9.9,1,NA,1.00,1.00
TV3577,132,9.9,1,NA,0.80,0.80
TV3578,122,10.0,2,0.16,0.54,0.92
TV3579,123,11.0,17,0.40,1.40,5.49
TV3580,123,10.4,9,0.21,1.38,5.09
TV3581,132,10.9,9,0.38,1.41,4.68
TV3582,134,10.5,6,0.37,1.10,2.99
TV3583,115,10.4,1,NA,0.28,0.28
TV3584,148,11.2,2,0.88,1.25,1.62
TV3585,150,10.2,2,0.33,0.95,1.57
TV3586,146,10.5,1,NA,0.31,0.31
TV3587,104,7.5,4,0.27,1.97,5.37
TV3588,114,9.8,10,0.46,2.31,8.46
TV3589,110,8.1,14,0.34,2.20,9.28
TV3590,132,10.1,2,0.49,1.02,1.55
TV3591,74,11.0,2,0.35,0.43,0.51
TV3592,122,10.4,4,0.84,1.31,2.25
TV3593,118,10.6,12,1.42,2.12,4.63
TV3594,102,11.1,3,0.62,1.29,2.35
TV3595,154,11.6,24,0.30,2.28,11.36
TV3596,142,10.3,26,0.29,2.85,14.88
TV3597,155,13.3,9,0.64,1.35,3.60
TV3598,123,12.3,77,0.18,2.51,17.11
TV3599,137,11.4,5,0.22,1.74,5.27
TV3600,130,8.4,3,0.01,0.89,2.28
TV3601,144,10.0,7,0.30,2.23,7.65
TV3602,140,7.8,1,NA,0.59,0.59
TV3603,126,11.9,16,0.42,2.46,10.62
TV3604,102,11.2,1,NA,0.61,0.61
TV3605,105,9.7,1,NA,0.53,0.53
TV3606,142,11.0,8,0.31,1.78,6.19
TV3607,125,12.3,18,0.42,2.24,9.83
TV3608,140,11.4,5,0.38,0.93,2.21
TV3609,126,11.2,25,0.37,1.94,9.23
TV3610,129,14.4,1,NA,0.60,0.60
TV3611,148,12.0,8,0.05,1.30,5.05
TV3612,123,11.0,3,0.36,0.70,1.24
TV3613,120,15.8,3,0.61,1.94,4.05
TV3614,117,9.5,23,0.01,1.23,6.75
TV3615,127,10.0,1,NA,0.42,0.42
TV3616,152,10.3,4,0.46,1.11,2.41
TV3617,144,9.9,2,0.47,0.90,1.33
TV3618,118,11.1,15,0.34,1.87,7.85
TV3619,152,15.4,1,NA,1.33,1.33
TV3620,186,16.7,5,0.70,2.70,7.34
TV3621,125,10.4,17,0.32,2.12,9.48
TV3622,172,11.3,14,0.77,2.48,8.99
TV3623,128,12.5,16,0.56,1.43,4.91
TV3624,127,13.5,4,0.34,0.90,2.02
TV3625,111,9.1,1,NA,0.44,0.44
TV3626,208,15.0,10,0.69,2.35,7.86
TV3627,145,13.0,4,0.38,0.88,1.88
TV3628,147,13.2,2,0.38,1.03,1.68
TV3629,136,9.0,2,0.49,0.82,1.15
TV3630,130,9.8,2,0.31,0.64,0.97
TV3631,110,9.2,2,0.39,0.58,0.77
TV3632,126,11.2,2,0.30,0.47,0.64
TV3751,103,5.8,13,0.40,2.82,11.78
TV3752,107,7.1,20,0.42,2.72,12.66
TV3753,175,7.5,1,NA,0.73,0.73
TV3754,192,8.4,9,0.29,2.08,7.75
TV3755,145,9.6,2,0.43,0.66,0.89
TV3756,110,11.5,13,0.60,2.06,7.46
TV3757,118,7.5,2,0.85,1.80,2.75
TV3758,156,8.1,6,0.38,2.40,7.62
TV3759,163,12.1,11,0.50,2.38,8.88
TV3760,161,10.1,1,NA,0.56,0.56
TV3761,116,10.7,1,NA,0.31,0.31
TV3762,114,7.2,6,0.49,2.32,7.05
TV3763,98,10.9,4,0.67,1.38,2.80
TV3764,131,9.1,1,NA,0.31,0.31
TV3765,136,10.8,2,0.31,1.02,1.73
TV3766,131,8.4,9,0.60,2.56,8.77
TV3767,94,7.1,10,0.38,1.55,5.44
TV3768,131,8.9,4,0.71,1.65,3.53
TV3769,144,9.8,4,0.51,1.68,4.02
TV3770,115,6.2,1,NA,0.26,0.26
TV3771,113,10.3,64,0.33,2.86,18.04
TV3772,104,8.1,36,1.31,3.23,13.16
TV3773,227,13.2,1,NA,1.10,1.10
TV3774,111,9.9,21,0.51,2.19,9.57
TV3775,110,7.9,1,NA,0.65,0.65
TV3776,117,8.1,54,0.37,3.62,22.32
TV3777,116,7.8,2,0.37,0.50,0.63
TV3778,157,9.7,3,0.60,1.00,1.63
TV3779,116,9.1,1,NA,0.31,0.31
TV3780,144,12.9,2,1.54,1.94,2.34
TV3781,150,7.2,1,NA,0.50,0.50
TV3782,111,8.9,1,NA,0.54,0.54
TV3783,175,9.9,9,0.42,1.52,5.01
TV3784,179,9.6,1,NA,0.46,0.46
TV3785,113,9.1,12,0.56,2.10,7.62
TV3786,164,9.9,3,0.86,1.10,1.48
TV3787,165,10.1,6,0.52,1.93,5.57
TV3788,174,13.1,1,NA,1.00,1.00
TV3789,154,7.2,4,0.64,1.40,2.92
TV3790,113,6.6,14,0.44,2.40,9.86
TV3791,141,8.1,4,0.52,1.60,3.76
TV3792,176,8.5,1,NA,0.94,0.94
TV3793,172,9.2,2,0.62,0.94,1.26
TV3794,139,10.2,21,0.44,1.92,8.42
TV3795,130,5.9,4,0.28,0.74,1.66
TV3796,105,7.1,2,0.46,0.70,0.94
TV3797,171,9.2,2,0.64,0.96,1.28
TV3798,194,9.6,21,0.40,2.98,14.31
TV3799,126,10.2,19,0.60,2.73,11.78
TV3800,121,9.9,1,NA,0.38,0.38
TV3801,142,11.8,1,NA,0.33,0.33
TV3802,124,9.5,1,NA,0.26,0.26
TV3803,123,11.4,1,NA,0.42,0.42
TV3804,124,8.4,1,NA,0.30,0.30
TV3805,110,9.2,1,NA,0.29,0.29
TV3806,151,13.2,1,NA,0.82,0.82
TV3807,185,12.1,4,0.36,1.20,2.88
TV3808,154,10.7,5,0.32,1.50,4.24
TV3809,131,9.6,5,0.46,1.20,2.92
TV3810,131,8.3,1,NA,0.54,0.54
TV3811,163,10.1,27,0.19,1.70,8.88
TV3812,152,10.1,26,0.44,2.23,10.64
TV3813,133,10.1,7,0.42,2.00,6.44
TV3814,121,10.1,26,0.39,1.80,8.43
TV3815,136,9.3,1,NA,0.60,0.60
TV3816,149,6.6,1,NA,0.31,0.31
TV3817,113,10.6,5,0.80,1.30,2.46
TV3818,102,8.1,42,0.20,2.45,14.58
TV3819,92,7.0,3,0.38,0.88,1.67
TV3820,112,8.1,1,NA,0.66,0.66
TV3821,118,8.8,8,0.52,1.80,5.64
TV3822,181,10.1,1,NA,0.78,0.78
TV3823,241,12.2,11,0.60,1.66,5.33
TV3824,92,8.2,2,0.34,0.54,0.74
TV3825,141,11.2,6,0.56,2.18,6.37
TV3826,132,7.1,2,0.70,1.00,1.30
TV3827,143,13.2,24,0.98,1.82,5.67
TV3828,159,8.8,16,1.80,2.62,5.90
TV3829,174,11.6,2,1.40,1.36,1.32
TV3830,156,9.7,10,0.86,1.98,5.70
TV3831,105,8.1,1,NA,0.40,0.40
TV3832,120,8.1,6,0.56,1.75,4.83
TV3833,168,10.3,5,1.53,2.50,4.75
TV3834,133,8.3,1,NA,0.50,0.50
TV3835,131,10.7,4,1.24,1.40,1.72
TV3836,161,8.3,2,0.56,0.86,1.16
TV3837,106,8.8,1,NA,0.27,0.27
TV3838,188,10.6,1,NA,1.51,1.51
TV3839,149,9.6,6,1.59,2.30,4.14
TV3840,119,8.1,2,0.38,0.88,1.38
TV3841,186,8.6,59,0.42,2.90,17.49
TV3842,146,8.4,1,NA,0.86,0.86
TV3843,179,18.1,6,1.68,2.57,4.87
TV3844,125,14.5,1,NA,0.38,0.38
TV3845,149,10.1,1,NA,0.26,0.26
TV3846,121,11.1,1,NA,0.29,0.29
TV3847,138,9.9,1,NA,0.31,0.31
TV3848,130,9.5,1,NA,0.33,0.33
TV3849,133,9.9,1,NA,0.34,0.34
TV3850,134,9.8,4,0.56,1.50,3.38
TV3851,181,11.1,3,0.96,1.36,1.99
TV3852,172,11.1,1,NA,0.84,0.84
TV3853,128,8.1,7,2.22,3.02,5.27
TV3854,196,10.1,4,1.10,1.61,2.63
TV3855,151,10.1,1,NA,0.86,0.86
TV3856,143,9.5,9,1.10,2.55,7.15
TV3857,108,10.1,56,1.92,3.73,14.24
TV3858,154,12.1,7,0.48,2.18,6.95
TV3859,119,9.1,53,1.30,2.83,11.59
TV3860,143,13.1,16,0.80,3.22,12.90
TV3861,180,9.9,1,NA,0.86,0.86
TV3862,113,7.2,1,NA,0.31,0.31
TV3863,192,8.5,1,NA,0.54,0.54
TV3864,154,10.4,1,NA,0.92,0.92
TV3865,189,10.2,1,NA,2.22,2.22
TV4251,212,8.9,1,NA,1.28,1.28
TV4252,128,8.0,1,NA,0.76,0.76
TV4253,132,7.5,1,NA,0.27,0.27
TV4254,111,7.5,1,NA,0.36,0.36
TV4255,260,10.2,1,NA,1.52,1.52
TV4256,199,10.4,1,NA,1.18,1.18
TV4257,221,11.0,16,1.69,2.68,6.64
TV4258,181,9.5,1,NA,0.42,0.42
TV4259,198,12.0,1,NA,1.31,1.31
TV4260,176,10.1,1,NA,1.07,1.07
TV4261,150,9.4,26,2.32,4.53,14.92
TV4262,134,11.6,5,1.93,2.14,2.63
TV4263,221,10.7,1,NA,1.62,1.62
TV4264,158,7.0,1,NA,0.41,0.41
TV4265,110,8.3,1,NA,0.32,0.32
TV4266,170,9.8,1,NA,0.69,0.69
TV4267,124,8.9,1,NA,0.29,0.29
TV4268,282,10.3,1,NA,1.55,1.55
TV4269,176,10.0,1,NA,0.92,0.92
TV4270,149,10.7,1,NA,0.61,0.61
TV4271,150,10.4,1,NA,0.85,0.85
TV4272,143,11.3,1,NA,0.54,0.54
TV4273,215,13.5,1,NA,0.93,0.93
TV4274,221,10.5,1,NA,1.07,1.07
TV4275,143,9.0,1,NA,0.25,0.25
TV4276,149,7.9,1,NA,0.29,0.29
TV4277,140,10.6,1,NA,0.66,0.66
TV4278,240,12.2,11,2.77,4.36,9.86
TV4279,188,10.5,8,1.94,3.16,6.82
TV4280,97,8.0,1,NA,0.59,0.59
TV4281,164,6.1,1,NA,1.11,1.11
TV4282,129,9.1,5,0.38,0.68,1.38
TV4283,182,8.6,21,2.64,4.32,11.70
TV4284,190,12.8,1,NA,0.48,0.48
TV4285,148,7.5,1,NA,0.49,0.49
TV4286,168,12.0,1,NA,0.75,0.75
TV4287,185,15.3,1,NA,1.10,1.10
TV4288,162,10.5,1,NA,0.77,0.77
TV4289,161,10.1,1,NA,0.83,0.83
TV4290,156,9.7,1,NA,0.65,0.65
TV4291,180,10.6,1,NA,0.42,0.42
TV4292,164,9.0,3,0.55,1.06,1.87
TV4293,182,11.2,1,NA,1.23,1.23
TV4294,123,8.2,1,NA,1.39,1.39
TV4295,153,8.7,4,2.06,2.59,3.65
TV4296,145,9.0,11,2.15,3.51,8.21
TV4297,189,11.5,1,NA,1.08,1.08
TV4298,141,8.1,1,NA,0.39,0.39
TV4299,174,7.5,1,NA,0.26,0.26
TV4300,210,10.5,1,NA,0.81,0.81
TV4301,270,11.5,1,NA,1.68,1.68
TV4302,131,8.5,1,NA,0.47,0.47
TV4303,232,9.7,1,NA,1.57,1.57
TV4304,200,11.9,5,2.46,2.95,4.09
TV4305,220,10.0,1,NA,1.05,1.05
TV4306,170,10.0,6,1.90,2.37,3.58
TV4307,208,8.8,1,NA,0.50,0.50
TV4308,218,9.4,1,NA,1.20,1.20
TV4309,219,9.8,1,NA,1.24,1.24
TV4310,144,10.4,1,NA,0.95,0.95
TV4311,168,8.8,1,NA,1.14,1.14
TV4312,211,10.6,1,NA,1.19,1.19
TV4313,120,8.6,1,NA,0.42,0.42
TV4314,168,7.2,1,NA,0.40,0.40
TV4315,163,9.5,20,1.54,3.11,9.90
TV4316,178,9.2,1,NA,1.36,1.36
TV4317,154,9.0,47,1.38,3.18,13.18
TV4318,160,10.0,34,1.35,3.10,12.00
TV4319,156,11.5,1,NA,0.99,0.99
TV4320,193,11.0,1,NA,0.99,0.99
TV4321,192,8.9,1,NA,1.22,1.22
TV4322,155,8.1,1,NA,0.92,0.92
TV4501,255,10.2,3,1.50,2.25,3.44
TV4502,191,10.1,1,NA,0.52,0.52
TV4503,129,7.2,1,NA,0.58,0.58
TV4504,122,7.4,1,NA,0.54,0.54
TV4505,188,9.9,1,NA,1.93,1.92
TV4506,132,8.8,2,0.38,0.67,0.96
TV4507,171,10.8,1,NA,1.25,1.25
TV4508,181,10.0,1,NA,1.00,1.00
TV4509,172,10.0,1,NA,1.17,1.17
TV4510,191,7.4,1,NA,1.01,1.01
TV4511,194,7.7,1,NA,1.24,1.24
TV4512,193,11.7,10,2.54,3.76,7.81
TV4513,159,9.0,1,NA,0.56,0.56
TV4514,106,6.6,40,1.75,2.80,8.41
TV4515,240,8.5,1,NA,0.35,0.35
TV4516,130,10.2,1,NA,1.24,1.24
TV4517,131,9.8,3,0.55,0.76,1.09
TV4518,159,8.6,1,NA,0.65,0.65
TV4519,183,9.4,1,NA,1.08,1.08
TV4520,199,10.0,1,NA,1.02,1.02
TV4521,161,10.2,1,NA,1.05,1.05
TV4522,210,8.9,7,1.78,1.97,2.52
TV4523,136,9.1,2,0.57,0.87,1.17
TV4524,183,7.6,1,NA,0.46,0.46
TV4525,169,10.2,1,NA,0.87,0.87
TV4526,219,10.2,1,NA,1.96,1.96
TV4527,175,9.4,21,2.06,3.55,10.10
TV4528,163,9.7,1,NA,1.59,1.59
TV4529,149,8.5,2,0.41,0.76,1.11
TV4530,162,8.8,1,NA,0.35,0.35
TV4531,142,7.6,1,NA,0.33,0.33
TV4532,214,7.5,13,1.84,2.90,6.80
TV4533,191,9.3,1,NA,0.49,0.49
TV4534,125,10.9,1,NA,1.26,1.26
TV4535,146,9.7,1,NA,0.65,0.65
TV4536,139,7.7,4,0.47,0.76,1.34
TV4537,122,9.8,1,NA,0.90,0.90
TV4538,201,7.2,1,NA,1.09,1.09
TV4539,152,7.1,1,NA,0.34,0.34
TV4540,154,9.2,1,NA,0.69,0.69
TV4541,155,7.0,1,NA,0.37,0.37
TV4542,170,8.4,1,NA,1.40,1.40
TV4543,195,10.1,1,NA,1.21,1.21
TV4544,191,13.7,1,NA,0.69,0.69
TV4545,176,7.6,1,NA,0.57,0.57
TV4546,171,11.3,17,0.95,3.21,12.45
TV4547,221,11.1,28,2.15,3.33,9.00
TV4548,161,10.5,1,NA,0.85,0.85
TV4549,154,8.8,1,NA,0.74,0.74
TV4550,214,9.3,1,NA,0.75,0.75
TV4551,195,9.6,1,NA,1.10,1.10
TV4552,180,6.2,1,NA,0.74,0.74
TV4553,210,10.1,3,1.69,2.13,2.81
TV4554,196,9.5,7,1.68,2.68,5.49
TV4555,142,8.7,1,NA,0.80,0.80
TV4556,176,7.9,1,NA,0.76,0.76
TV4557,149,8.5,1,NA,0.54,0.54
TV4558,275,12.0,1,NA,2.34,2.34
TV4559,213,8.0,7,1.49,3.00,7.22
TV4560,175,13.4,1,NA,1.61,1.61
TV4561,155,11.4,1,NA,1.17,1.17
TV4562,160,9.6,1,NA,0.67,0.67
TV4563,229,11.1,1,NA,0.87,0.87
TV4564,182,9.4,1,NA,1.31,1.31
TV4565,244,11.4,3,1.59,2.55,4.07
TV4566,192,10.8,3,1.83,2.39,3.27
TV4567,195,8.3,1,NA,1.61,1.61
TV4568,234,12.9,1,NA,2.05,2.05
TV4569,174,14.1,1,NA,1.16,1.16
TV4570,226,10.8,1,NA,1.88,1.88
TV4571,164,9.5,1,NA,0.91,0.91
TV4572,130,7.3,1,NA,0.64,0.64
TV4573,164,8.1,3,0.37,1.07,2.18
TV4751,127,6.0,2,0.39,0.66,0.93
TV4752,192,9.0,1,NA,1.17,1.17
TV4753,167,11.0,1,NA,1.35,1.35
TV4754,179,11.0,1,NA,0.78,0.78
TV4755,161,10.0,1,NA,1.08,1.08
TV4756,149,8.0,3,0.71,0.84,1.05
TV4757,172,7.0,1,NA,0.96,0.96
TV4758,203,9.0,1,NA,1.49,1.49
TV4759,183,9.0,1,NA,1.36,1.36
TV4760,159,8.0,1,NA,0.62,0.62
TV4761,146,13.0,1,NA,0.63,0.63
TV4762,198,11.0,1,NA,0.76,0.76
TV4763,239,9.0,12,0.95,2.88,9.80
TV4764,169,9.0,1,NA,1.11,1.11
TV4765,214,12.2,10,1.51,2.59,6.18
TV4766,247,11.9,1,NA,1.97,1.97
TV4767,124,7.8,1,NA,0.31,0.31
TV4768,150,7.6,1,NA,0.49,0.49
TV4769,371,12.8,1,NA,2.61,2.61
TV4770,178,11.6,1,NA,0.41,0.41
TV4771,181,9.3,1,NA,0.79,0.79
TV4772,132,8.8,1,NA,0.30,0.30
TV4773,91,9.1,1,NA,0.41,0.41
TV4774,181,9.2,1,NA,1.59,1.59
TV4775,156,9.5,1,NA,0.33,0.33
TV4776,226,12.3,5,1.19,2.36,5.08
TV4777,158,8.5,31,0.59,3.10,15.54
TV4778,122,7.7,1,NA,0.61,0.61
TV4779,142,8.7,2,0.50,0.73,0.96
TV4780,186,10.7,2,1.30,1.40,1.50
TV4781,157,5.2,1,NA,0.79,0.79
TV4782,93,6.2,1,NA,0.33,0.33
TV4783,203,9.4,1,NA,1.90,1.90
TV4784,154,11.0,2,0.00,0.98,1.96
TV4785,203,11.7,6,1.65,1.99,2.87
TV4786,120,8.7,2,0.50,0.64,0.78
TV4787,161,11.3,1,NA,1.25,1.25
TV4788,146,9.6,1,NA,0.63,0.63
TV4789,279,12.9,1,NA,1.90,1.90
TV4790,144,8.3,1,NA,0.92,0.92
TV4791,168,11.1,1,NA,0.53,0.53
TV4792,129,8.7,4,0.36,0.94,2.10
TV4793,226,12.6,1,NA,0.98,0.98
TV4794,151,10.1,1,NA,0.47,0.47
TV4795,151,11.0,1,NA,0.80,0.80
TV4796,184,9.2,1,NA,0.69,0.69
TV4797,217,9.8,1,NA,0.80,0.80
TV4798,193,8.1,1,NA,1.11,1.11
TV4799,216,9.1,1,NA,1.34,1.34
TV4800,147,8.7,1,NA,0.73,0.73
TV4801,189,9.6,1,NA,1.21,1.21
TV4802,177,8.2,49,2.28,4.29,15.58
TV4803,92,7.6,3,0.15,0.32,0.59
TV4804,238,11.3,1,NA,0.80,0.80
TV4805,158,7.8,1,NA,0.84,0.84
TV4806,211,9.2,1,NA,1.11,1.11
TV4807,220,10.5,1,NA,1.45,1.45
TV4808,197,10.3,1,NA,0.94,0.94
TV4809,155,10.3,1,NA,0.60,0.60
TV4810,226,8.4,1,NA,0.92,0.92
TV4811,165,9.8,1,NA,1.24,1.24
TV4812,188,9.8,1,NA,0.93,0.93
TV4813,158,8.2,1,NA,0.78,0.78
TV4814,118,8.6,1,NA,0.66,0.66
TV4815,186,9.8,1,NA,1.16,1.16
TV4816,196,9.2,1,NA,0.84,0.84
TV4817,176,11.1,1,NA,0.73,0.73
TV4818,175,10.4,1,NA,1.21,1.21
TV4819,185,11.2,1,NA,0.70,0.70
TV4820,205,8.4,1,NA,1.03,1.03
TV4821,144,11.1,1,NA,0.33,0.33
TV4822,213,9.5,1,NA,0.94,0.94
TV4823,331,9.8,1,NA,2.23,2.23
TV4824,163,8.7,1,NA,0.52,0.52
TV4825,209,9.3,1,NA,1.33,1.33
TV4826,242,8.6,1,NA,1.32,1.32
TV4827,181,10.6,11,1.40,2.03,4.21
TV4828,168,11.2,7,1.43,2.25,4.55
TV4829,179,10.4,1,NA,1.15,1.15
TV4830,112,8.4,1,NA,0.41,0.41
TV4831,174,7.6,1,NA,0.27,0.27
TV4832,259,12.6,1,NA,0.97,0.97
TV4833,156,10.3,1,NA,0.70,0.70
TV4834,174,9.4,1,NA,0.70,0.70
TV4835,181,7.9,1,NA,0.66,0.66
TV4836,244,14.8,1,NA,0.88,0.88
TV4837,212,9.3,1,NA,1.18,1.18
TV4838,206,11.1,1,NA,1.32,1.32
TV4839,190,8.2,1,NA,0.31,0.31
TV5001,149,7.9,1,NA,0.28,0.28
TV5002,125,9.8,44,0.34,2.14,11.97
TV5003,159,9.3,2,0.31,0.52,0.73
TV5004,157,9.0,6,0.51,1.54,4.20
TV5005,225,12.9,1,NA,2.20,2.20
TV5006,169,6.9,4,0.77,1.15,1.91
TV5007,130,7.2,3,0.23,0.82,1.76
TV5008,128,6.6,60,1.22,2.98,13.38
TV5009,142,7.4,3,0.57,1.08,1.89
TV5010,125,10.0,2,0.52,0.90,1.28
TV5011,155,7.8,1,NA,0.41,0.41
TV5012,124,7.6,1,NA,0.33,0.33
TV5013,138,7.9,1,NA,0.42,0.42
TV5014,108,7.8,1,NA,0.45,0.45
TV5015,223,11.1,9,0.31,1.30,4.44
TV5016,147,9.4,2,0.45,0.78,1.11
TV5017,173,13.1,5,0.93,2.22,5.22
TV5018,181,10.0,1,NA,1.12,1.12
TV5019,149,9.8,2,0.40,0.83,1.26
TV5020,202,12.9,14,1.16,2.20,6.14
TV5021,157,11.2,37,0.36,1.29,6.13
TV5022,121,8.0,3,0.39,0.64,1.04
TV5023,140,9.9,2,0.25,0.71,1.17
TV5024,100,9.9,1,NA,0.31,0.31
TV5025,206,12.2,9,1.59,2.38,4.88
TV5026,224,9.9,3,1.24,1.73,2.51
TV5027,121,8.2,1,NA,0.39,0.39
TV5028,145,7.7,2,0.55,0.81,1.07
TV5029,137,8.9,2,0.72,1.07,1.42
TV5030,122,6.1,5,0.48,1.10,2.54
TV5031,179,9.9,2,0.39,1.06,1.73
TV5032,152,10.9,15,0.46,2.99,12.87
TV5033,121,10.6,17,0.43,2.42,10.55
TV5034,131,8.1,1,NA,0.45,0.45
TV5035,124,7.5,8,0.25,1.35,4.65
TV5036,168,11.0,3,0.31,1.13,2.43
TV5037,116,7.7,2,0.44,0.61,0.78
TV5038,128,8.4,1,NA,0.44,0.44
TV5039,159,9.8,11,0.35,1.65,6.15
TV5040,203,9.1,1,NA,0.98,0.98
TV5041,106,8.5,1,NA,0.55,0.55
TV5042,144,8.3,1,NA,0.78,0.78
TV5043,121,8.9,1,NA,0.45,0.45
TV5044,124,8.5,2,0.58,0.90,1.22
TV5045,138,8.6,40,0.14,1.72,10.13
TV5046,158,8.7,1,NA,0.62,0.62
TV5047,129,8.0,2,0.33,0.54,0.75
TV5048,181,9.5,1,NA,1.02,1.02
TV5049,132,11.4,14,1.42,1.95,3.97
TV5050,148,7.7,1,NA,0.74,0.74
TV5051,106,7.9,1,NA,0.60,0.60
TV5052,132,9.0,9,0.50,1.81,5.96
TV5053,124,8.3,2,0.67,0.79,0.91
TV5054,114,10.4,1,NA,0.45,0.45
TV5055,108,7.6,1,NA,0.30,0.30
TV5056,158,13.6,1,NA,1.12,1.12
TV5057,150,8.8,1,NA,0.47,0.47
TV5058,237,10.5,1,NA,1.75,1.75
TV5059,210,10.9,9,1.55,2.59,5.89
TV5060,148,9.8,1,NA,0.37,0.37
TV5061,156,10.2,1,NA,0.29,0.29
TV5062,154,9.1,1,NA,0.61,0.61
TV5063,104,9.3,1,NA,0.35,0.35
TV5064,106,7.5,1,NA,0.26,0.26
TV5065,124,8.7,2,0.49,0.78,1.07
TV5066,121,7.5,2,0.23,0.70,1.17
TV5067,167,7.1,1,NA,1.14,1.14
TV5068,144,9.9,3,0.47,1.29,2.59
TV5069,168,9.9,2,1.11,1.47,1.83
TV5070,141,7.9,4,0.35,1.09,2.57
TV5071,139,9.5,13,0.45,1.43,5.06
TV5072,164,10.4,1,NA,0.29,0.29
TV5073,196,10.2,2,0.53,1.09,1.65
TV5074,192,8.7,1,NA,0.67,0.67
TV5075,114,5.7,1,NA,0.30,0.29
TV5076,124,8.3,1,NA,0.38,0.38
TV5077,101,7.8,2,0.45,0.79,1.13
TV5078,131,8.7,3,0.48,1.05,1.95
TV5079,134,9.4,3,0.76,1.16,1.79
TV5080,116,7.2,1,NA,0.35,0.35
TV5081,126,7.3,3,0.30,0.78,1.54
TV5082,206,10.8,2,0.45,0.82,1.19
TV5083,139,7.2,2,0.40,0.68,0.96
TV5084,163,12.0,1,NA,1.15,1.15
TV5085,136,7.3,38,0.85,2.09,8.60
TV5086,143,10.0,3,0.25,1.11,2.47
TV5087,127,8.2,1,NA,0.40,0.40
TV5088,137,7.7,3,0.29,0.71,1.38
TV5111,190,9.9,3,1.51,2.02,2.83
TV5112,96,6.9,2,0.50,0.76,1.02
TV5113,119,7.9,1,NA,0.86,0.86
TV5114,101,7.6,2,0.23,0.45,0.67
TV5115,142,12.6,1,NA,0.65,0.65
TV5116,141,10.5,3,1.07,1.65,2.57
TV5117,135,10.3,1,NA,0.72,0.72
TV5118,148,10.1,1,NA,0.84,0.84
TV5119,156,9.8,1,NA,0.83,0.83
TV5120,164,9.6,1,NA,1.05,1.05
TV5121,165,10.1,1,NA,0.72,0.72
TV5122,,,17,4.42,5.97,12.31
TV5123,141,8.9,1,NA,0.81,0.81
TV5124,213,9.9,1,NA,0.99,0.99
TV5125,222,10.4,1,NA,1.36,1.36
TV5126,129,10.5,1,NA,0.85,0.85
TV5127,157,7.4,1,NA,0.72,0.72
TV5128,106,8.2,2,0.34,0.55,0.76
TV5129,171,8.8,1,NA,0.93,0.93
TV5130,233,10.8,1,NA,1.33,1.33
TV5131,150,9.1,1,NA,0.80,0.80
TV5132,171,8.3,1,NA,0.80,0.80
TV5138,163,8.6,1,NA,0.97,0.97
TV5139,199,9.5,1,NA,0.77,0.77
TV5140,201,10.1,1,NA,1.69,1.69
TV5141,145,9.4,1,NA,0.42,0.42
TV5142,128,9.5,1,NA,0.60,0.60
TV5143,191,9.1,1,NA,1.32,1.32
TV5144,172,7.6,25,2.51,4.46,13.52
TV5145,161,9.2,1,NA,1.18,1.18
TV5146,126,8.2,4,0.29,0.84,1.94
TV5147,156,8.6,1,NA,0.68,0.68
TV5148,138,8.3,1,NA,0.55,0.55
TV5149,120,8.6,2,0.71,1.00,1.29
TV5150,171,9.2,1,NA,0.75,0.75
TV5151,134,8.6,1,NA,0.39,0.39
TV5152,167,9.6,1,NA,0.40,0.40
TV5153,126,6.1,1,NA,0.29,0.29
TV5154,162,10.8,2,0.53,0.82,1.11
TV5155,128,6.3,11,2.14,3.19,6.82
TV5156,131,8.1,1,NA,0.92,0.92
TV5157,126,7.6,1,NA,0.71,0.71
TV5158,168,8.9,1,NA,0.72,0.72
TV5159,129,8.0,1,NA,0.49,0.49
TV5160,117,7.1,1,NA,0.43,0.43
TV5161,112,7.0,1,NA,0.28,0.28
TV5163,105,9.4,1,NA,0.79,0.79
TV5164,153,7.4,1,NA,0.36,0.36
TV5165,149,8.8,1,NA,1.58,1.58
TV5166,187,7.3,2,0.33,1.89,3.45
TV5167,139,11.0,1,NA,0.61,0.61
TV5168,102,7.3,4,0.47,0.93,1.85
TV5169,135,7.7,1,NA,0.78,0.78
TV5170,183,11.0,1,NA,1.29,1.29
TV5171,176,10.7,6,1.62,2.73,5.60
TV5172,124,9.2,1,NA,0.79,0.79
TV5173,119,9.0,1,NA,0.73,0.73
TV5174,133,8.0,1,NA,0.50,0.50
TV5175,155,7.9,1,NA,0.67,0.67
TV5176,162,8.1,1,NA,0.67,0.67
TV5177,138,7.2,1,NA,0.46,0.46
TV5178,189,9.6,1,NA,1.41,1.41
TV5179,175,9.5,1,NA,0.90,0.90
TV5180,132,6.9,1,NA,0.25,0.25
TV5181,131,7.4,1,NA,0.28,0.28
TV5182,163,9.9,6,2.66,4.13,7.93
TV5183,153,9.0,1,NA,0.73,0.73
TV5184,150,8.4,1,NA,1.32,1.32
TV5185,131,9.3,1,NA,0.54,0.54
TV5186,189,11.1,1,NA,1.50,1.50
TV5187,155,8.1,2,0.62,1.00,1.38
TV5188,210,10.6,1,NA,1.33,1.33
TV5189,161,9.2,1,NA,0.42,0.42
TV5190,146,6.5,1,NA,0.70,0.70
TV5191,135,9.9,1,NA,1.03,1.03
TV5192,125,9.8,1,NA,0.21,0.21
TV5193,165,9.5,11,2.04,3.53,8.68
TV5194,107,6.5,2,0.30,0.49,0.68
TV5195,147,10.0,1,NA,0.88,0.88
TV5196,124,10.5,1,NA,1.06,1.06
TV5197,110,6.9,1,NA,0.44,0.44
TV5198,146,7.8,1,NA,1.85,1.85
TV5199,140,10.2,1,NA,1.56,1.56
TV5200,170,10.5,1,NA,1.35,1.35
TV5201,119,9.8,1,NA,0.51,0.51
TV5202,182,12.2,1,NA,1.14,1.14
TV5203,143,8.8,1,NA,1.82,1.82
TV5204,220,13.6,10,2.78,4.16,8.74
TV5205,112,9.2,1,NA,0.81,0.81
TV5206,169,11.0,1,NA,1.00,1.00
TV5207,181,8.3,1,NA,0.54,0.54
TV5208,139,10.4,1,NA,0.56,0.56
TV5209,161,12.7,1,NA,1.12,1.12
TV5210,178,9.2,1,NA,1.18,1.18
TV5211,179,10.6,1,NA,1.70,1.70
TV5212,200,13.1,4,0.92,1.53,2.75
TV5213,168,8.6,1,NA,0.28,0.28
TV5214,218,10.9,1,NA,1.29,1.29
TV5215,139,10.2,15,1.90,3.22,8.38
TV5216,145,8.0,1,NA,0.39,0.39
TV5217,186,10.5,1,NA,0.99,0.99
TV5218,165,9.6,1,NA,1.55,1.55
TV5219,164,10.0,1,NA,0.79,0.79
TV5220,189,10.0,1,NA,0.90,0.90
TV5221,216,10.7,1,NA,1.18,1.18
TV5222,125,7.8,1,NA,0.76,0.76
TV5223,196,10.1,1,NA,0.70,0.70
TV5224,160,10.5,1,NA,1.09,1.09
TV5225,155,10.0,1,NA,0.85,0.85
TV5226,186,10.1,11,2.32,3.53,7.72
TV5227,134,7.7,1,NA,0.75,0.75
TV5228,141,11.4,1,NA,0.61,0.61
TV5229,195,10.2,1,NA,0.78,0.78
TV5230,144,8.3,1,NA,0.52,0.52
TV5231,239,11.2,1,NA,0.89,0.89
TV5232,152,8.3,1,NA,0.91,0.91
TV5233,198,9.3,1,NA,0.41,0.41
TV5234,148,8.9,1,NA,0.79,0.79
TV5235,151,10.3,1,NA,0.47,0.47
TV5236,170,9.4,1,NA,1.33,1.33
TV5237,164,11.3,26,2.21,3.93,12.01
TV5238,169,9.1,1,NA,0.83,0.83
TV5239,213,10.5,1,NA,1.55,1.55
TV5240,155,8.3,1,NA,0.71,0.71
TV5241,160,9.3,1,NA,0.66,0.66
TV5242,162,9.4,1,NA,0.59,0.59
TV5243,164,6.0,1,NA,1.32,1.32
TV5244,125,8.8,1,NA,0.53,0.53
TV5245,199,10.5,1,NA,1.29,1.29
TV5246,112,8.6,1,NA,0.76,0.76
TV5247,201,12.2,1,NA,1.67,1.67
TV5248,151,8.8,15,2.54,3.60,7.74
TV5249,131,11.3,1,NA,0.95,0.95
TV5250,218,11.5,1,NA,1.36,1.36
TV5251,192,11.1,1,NA,1.55,1.55
TV5252,122,10.7,1,NA,0.52,0.52
TV5253,114,8.2,1,NA,0.62,0.62
TV5254,143,9.0,1,NA,0.73,0.73
TV5255,143,10.5,1,NA,0.70,0.70
TV5256,219,9.5,1,NA,1.92,1.92
TV5257,146,9.2,1,NA,1.42,1.42
TV5258,139,9.4,1,NA,0.70,0.70
TV5259,133,8.7,16,2.30,3.51,8.35
TV5260,174,10.5,1,NA,1.61,1.61
TV5261,168,9.8,1,NA,1.74,1.74
TV5262,151,9.8,1,NA,0.93,0.93
TV5263,181,11.4,1,NA,1.32,1.32
TV5264,186,13.5,1,NA,1.38,1.38
TV5265,215,12.8,1,NA,1.01,1.01
TV5266,172,11.5,1,NA,0.75,0.75
TV5267,199,10.3,1,NA,1.33,1.33
TV5268,146,8.1,6,0.31,1.46,4.43
TV5269,199,7.8,1,NA,1.55,1.55
TV5270,175,10.9,4,2.47,3.37,5.17
TV5271,125,7.1,1,NA,0.37,0.37
TV5272,113,8.0,6,0.29,0.68,1.69
TV5273,155,9.3,1,NA,0.44,0.44
TV5274,158,8.3,1,NA,0.71,0.71
TV5275,154,7.7,1,NA,1.22,1.22
TV5276,122,6.4,1,NA,0.51,0.51
TV5277,128,9.8,1,NA,0.59,0.59
TV5278,110,5.6,4,0.36,0.56,0.96
TV5279,212,11.1,1,NA,2.21,2.21
TV5280,199,8.8,1,NA,0.52,0.52
TV5281,117,10.0,11,1.88,2.86,6.25
TV5282,181,13.1,1,NA,1.12,1.12
TV5283,150,10.5,1,NA,0.69,0.69
TV5284,164,10.3,1,NA,1.40,1.40
TV5285,161,9.9,1,NA,1.53,1.53
TV5286,114,7.9,1,NA,0.51,0.51
TV5287,215,14.9,1,NA,1.67,1.67
TV5288,175,10.5,1,NA,1.29,1.29
TV5289,167,11.1,1,NA,1.56,1.56
TV5290,218,12.1,1,NA,1.48,1.48
TV5291,218,11.4,1,NA,1.56,1.56
TV5292,145,8.2,19,2.90,4.18,9.62
TV5293,141,7.5,1,NA,0.77,0.77
TV5294,149,10.9,1,NA,0.46,0.46
TV5295,139,9.1,1,NA,0.97,0.97
TV5296,155,9.9,1,NA,0.54,0.54
TV5297,253,14.1,1,NA,1.05,1.05
TV5298,131,8.1,1,NA,0.39,0.39
TV5299,191,14.5,1,NA,1.16,1.16
TV5300,211,11.9,1,NA,1.33,1.33
TV5301,147,9.9,1,NA,0.89,0.89
TV5302,216,8.3,1,NA,0.73,0.73
TV5303,122,10.1,28,1.99,3.87,12.91
TV5304,240,10.2,1,NA,0.97,0.97
TV5305,156,9.1,1,NA,0.70,0.70
TV5306,142,8.3,1,NA,0.43,0.43
TV5307,106,7.2,1,NA,0.76,0.76
TV5308,166,11.0,1,NA,2.14,2.14
TV5309,153,8.8,1,NA,0.59,0.59
TV5310,130,8.3,1,NA,0.96,0.96
TV5311,163,10.5,1,NA,0.91,0.91
TV5312,186,9.6,1,NA,0.91,0.91
TV5313,196,11.0,1,NA,0.92,0.92