numb,Tree,missing,Pop,%Brev_Run1,%Brev_Run2,%Brev Ave
206,51C0001,0,6,0.002,0.004,0.003
207,51C0003,-10,6,0.009,0.012,0.0105
208,51C0005,0,6,0.004,0.006,0.005
209,51C0006,-5,6,0.003,0.005,0.004
210,51C0007,0,6,0.002,0.004,0.003
211,51C0008,0,6,0.002,0.004,0.003
212,51C0009,0,6,0.003,0.005,0.004
213,51C0010,0,6,0.002,0.003,0.0025
214,51C0011,0,6,0.002,0.004,0.003
215,51C0012,0,6,0.002,0.003,0.0025
216,51C0050,0,6,0.001,0.003,0.002
217,51C0051,-15,6,0.003,0.004,0.0035
218,51C0053,0,6,0.003,0.004,0.0035
219,51C0054,0,6,0.003,0.005,0.004
220,51C0055,-15,6,0.016,0.021,0.0185
221,51C0056,-10,6,0.072,0.079,0.0755
222,51C0057,-20,6,0.004,0.006,0.005
223,51C0059,-20,6,0.002,0.003,0.0025
224,51C0060,-40,6,0.003,0.005,0.004
225,51C0061,-10,6,0.002,0.003,0.0025
226,51C0062,0,6,0.002,0.004,0.003
227,51C0063,-10,6,0.002,0.003,0.0025
228,51C0065,-20,6,0.002,0.003,0.0025
229,51C0066,0,6,0.002,0.004,0.003
230,51C0067,-5,6,0.008,0.011,0.0095
231,51C0068,-10,6,0.002,0.004,0.003
232,51C0100,-5,6,0.003,0.004,0.0035
233,51C0101,-30,6,0.007,0.01,0.0085
234,51C0102,-30,6,0.002,0.004,0.003
235,51C0103,-15,6,0.005,0.008,0.0065
236,51C0104,-30,6,0.001,0.003,0.002
237,51C0105,-30,6,0.002,0.003,0.0025
238,51C0106,-30,6,0.002,0.004,0.003
239,51C0107,-30,6,0.003,0.005,0.004
240,51C0108,0,6,0.004,0.006,0.005
241,51C0109,0,6,0.003,0.004,0.0035
242,51C0110,0,6,0.004,0.006,0.005
243,51C0112,0,6,0.003,0.004,0.0035
244,51C0113,-5,6,0.002,0.004,0.003
245,51C0114,-10,6,0.002,0.004,0.003
246,51C0115,-10,6,0.002,0.004,0.003
247,51C0116,0,6,0.002,0.003,0.0025
248,51C0117,-5,6,0.002,0.004,0.003
249,51C0118,-5,6,0.113,0.116,0.1145
250,51C0119,-15,6,0.004,0.006,0.005
251,51C0120,-10,6,0.005,0.007,0.006
252,51C0122,0,6,0.004,0.007,0.0055
253,51C0123,-5,6,0.002,0.004,0.003
254,HS0001,0,1,0.003,0.003,0.003
255,HS0002,0,1,0.002,0.002,0.002
256,HS0003,0,1,0.001,0.001,0.001
257,HS0005,0,1,0.001,0.001,0.001
258,HS0011,-10,1,0.001,0.001,0.001
259,HS0012,0,1,0.001,0.001,0.001
260,HS0013,0,1,0.001,0.001,0.001
261,HS0014,0,1,0.001,0.001,0.001
262,HS0015,0,1,0.001,0.001,0.001
263,HS0016,0,1,0.001,0.001,0.001
264,HS0017,0,1,0.001,0.001,0.001
265,HS0018,0,1,0.001,0.001,0.001
266,HS0019,0,1,0.001,0.001,0.001
267,HS0020,0,1,0.001,0.002,0.0015
268,HS0021,0,1,0.001,0.001,0.001
269,HS0022,0,1,0.001,0.001,0.001
270,HS0023,0,1,0.002,0.002,0.002
271,HS0024,-30,1,0.001,0.001,0.001
272,HS0025,-10,1,0.001,0.001,0.001
273,HS0026,0,1,0.001,0.001,0.001
274,HS0027,0,1,0.002,0.002,0.002
275,HS0028,0,1,0.001,0.001,0.001
276,HS0107,0,1,0.002,0.002,0.002
277,HS0116,0,1,0.001,0.001,0.001
278,HS0121,0,1,0.001,0.002,0.0015
279,HS0123,0,1,0.001,0.001,0.001
280,HS0130,0,1,0.001,0.001,0.001
281,HS0154,0,1,0.001,0.001,0.001
282,HS0167,0,1,0.001,0.001,0.001
283,HS0172,-5,1,0.002,0.002,0.002
284,HS0180,-5,1,0.003,0.003,0.003
285,HS0181,-5,1,0.001,0.001,0.001
286,HS0182,-30,1,0.002,0.002,0.002
287,HS0194,-30,1,0.004,0.004,0.004
288,HS0200,0,1,0.001,0.001,0.001
289,HS0252,0,1,0.001,0.001,0.001
290,HS0253,0,1,0.003,0.003,0.003
291,HS0256,0,1,0.001,0.001,0.001
292,HS0257,0,1,0.003,0.003,0.003
293,HS0258,-15,1,0.001,0.001,0.001
294,HS0259,-30,1,0.001,0.001,0.001
295,HS0260,-50,1,0.002,0.002,0.002
296,HS0261,-10,1,0.001,0.001,0.001
297,HS0262,0,1,0.001,0.001,0.001
298,HS0300,0,1,0.001,0.001,0.001
299,HS0301,0,1,0.001,0.001,0.001
300,HS0302,0,1,0.001,0.001,0.001
301,HS0303,0,1,0.001,0.001,0.001
302,HS0304,0,1,0.003,0.003,0.003
303,HS0305,0,1,0.001,0.001,0.001
304,HS0306,-10,1,0.001,0.001,0.001
305,HS0307,0,1,0.001,0.001,0.001
1,HSt01,0,1,0.003,0.003,0.003
2,HSt0107,0,1,0.002,0.002,0.002
3,HSt0116,0,1,0.001,0.001,0.001
4,HSt0121,0,1,0.002,0.002,0.002
5,HSt0123,0,1,0.001,0.001,0.001
6,HSt0130,0,1,0.001,0.001,0.001
7,HSt0154,0,1,0.001,0.001,0.001
8,HSt0159,0,1,0.794,0.757,0.7755
9,HSt0167,0,1,0.001,0.001,0.001
10,HSt0172,-5,1,0.002,0.002,0.002
11,HSt0180,0,1,0.007,0.006,0.0065
12,HSt0181,-5,1,0.001,0.001,0.001
13,HSt0182,-30,1,0.002,0.002,0.002
14,HSt0194,-30,1,0.009,0.008,0.0085
15,HSt02,-10,1,0.002,0.002,0.002
16,HSt0200,0,1,0.001,0.001,0.001
17,HSt0252,0,1,0.001,0.001,0.001
18,HSt0253,0,1,0.003,0.003,0.003
19,HSt0253,-5,1,0.004,0.004,0.004
20,HSt0256,0,1,0.001,0.001,0.001
21,HSt0257,0,1,0.003,0.003,0.003
22,HSt0258,0,1,0.002,0.002,0.002
23,HSt0258,-10,1,0.001,0.001,0.001
24,HSt0259,-30,1,0.001,0.001,0.001
25,HSt0260,-50,1,0.002,0.002,0.002
26,HSt0261,0,1,0.001,0.001,0.001
27,HSt0262,0,1,0.001,0.001,0.001
28,HSt03,-10,1,0.001,0.001,0.001
29,HSt0300,0,1,0.001,0.001,0.001
30,HSt0301,0,1,0.001,0.001,0.001
31,HSt0302,0,1,0.001,0.001,0.001
32,HSt0303,-5,1,0.001,0.001,0.001
33,HSt0304,0,1,0.003,0.003,0.003
34,HSt0305,0,1,0.001,0.001,0.001
35,HSt0306,-10,1,0.001,0.001,0.001
36,HSt0307,0,1,0.001,0.001,0.001
37,HSt05,-10,1,0.001,0.001,0.001
38,HSt11,-20,1,0.002,0.002,0.002
39,HSt18,0,1,0.001,0.001,0.001
40,HSt19,0,1,0.001,0.001,0.001
41,HSt20,0,1,0.002,0.002,0.002
42,HSt21,0,1,0.001,0.001,0.001
43,HSt23,0,1,0.002,0.002,0.002
44,HSt24,0,1,0.001,0.001,0.001
45,HSt27,0,1,0.002,0.002,0.002
46,HSt28,0,1,0.001,0.001,0.001
47,HStXX1,0,1,0.001,0.001,0.001
48,HStXX1,0,1,0.001,0.001,0.001
49,HStXX1,0,1,0.003,0.003,0.003
50,HStXX1,-10,1,0.003,0.003,0.003
51,HStXX1,0,1,0.002,0.002,0.002
52,HStXX1,0,1,0.001,0.001,0.001
53,HStXX1,0,1,0.002,0.002,0.002
54,HStXX1,0,1,0.001,0.001,0.001
55,HStXX1,0,1,0.002,0.002,0.002
56,HStXX1,0,1,0.002,0.002,0.002
57,HStXX1,-20,1,0.002,0.002,0.002
58,HStXX1,0,1,0.001,0.001,0.001
59,HStXX1,0,1,0.011,0.01,0.0105
60,HStXX1,0,1,0.001,0.001,0.001
61,HStXX1,0,1,0.003,0.003,0.003
62,HStXX1,0,1,0.003,0.003,0.003
63,HStXX1,-10,1,0.005,0.004,0.0045
64,HStXX1,0,1,0.001,0.001,0.001
65,HStXX1,0,1,0.001,0.001,0.001
66,HStXX1,-20,1,0.001,0.001,0.001
67,HStXX1,0,1,0.001,0.001,0.001
68,HStXX1,0,1,0.001,0.001,0.001
69,HStXX1,-10,1,0.001,0.001,0.001
70,HStXX1,0,1,0.001,0.001,0.001
71,HStXX1,0,1,0.004,0.003,0.0035
72,HStXX1,0,1,0.001,0.001,0.001
73,HStXX1,0,1,0.002,0.002,0.002
74,HStXX1,-10,1,0.001,0.001,0.001
75,HStXX1,-10,1,0.003,0.003,0.003
76,HStXX1,0,1,0.016,0.016,0.016
77,HStXX1,-10,1,0.004,0.005,0.0045
78,HStXX1,-10,1,0.002,0.002,0.002
79,HStXX1,-10,1,0.001,0.001,0.001
80,HStXX1,-40,1,0.002,0.002,0.002
81,HStXX1,0,1,0.02,0.018,0.019
82,HStXX1,0,1,0.001,0.001,0.001
83,HStXX1,0,1,0.069,0.062,0.0655
84,HStXX1,0,1,0.033,0.032,0.0325
85,HStXX1,0,1,0.002,0.003,0.0025
86,HStXX1,0,1,0.002,0.002,0.002
87,HStXX1,0,1,0.003,0.003,0.003
88,HStXX1,0,1,0.031,0.03,0.0305
89,HStXX1,0,1,0.024,0.022,0.023
90,HStXX1,0,1,0.015,0.014,0.0145
91,HStXX1,-10,1,0.005,0.005,0.005
92,HStXX1,0,1,0.004,0.004,0.004
93,HStXX1,0,1,0.002,0.002,0.002
94,HStXX1,0,1,0.001,0.001,0.001
95,HStXX1,0,1,0.016,0.016,0.016
96,HStXX1,0,1,0.002,0.002,0.002
97,HStXX1,0,1,0.003,0.003,0.003
98,HStXX1,-10,1,0.001,0.001,0.001
99,HStXX1,-20,1,0.002,0.002,0.002
100,HStXX1,0,1,0.004,0.004,0.004
101,HStXX1,-20,1,0.001,0.001,0.001
102,HStXX1,0,1,0.001,0.002,0.0015
103,HStXX1,-30,1,0.001,0.002,0.0015
104,HStXX1,-20,1,0.008,0.008,0.008
105,HStXX1,-10,1,0.005,0.005,0.005
106,HStXX1,0,1,0.014,0.014,0.014
107,HStXX1,0,1,0.003,0.003,0.003
108,HStXX1,0,1,0.001,0.001,0.001
109,HStXX1,0,1,0.005,0.005,0.005
110,HStXX1,-10,1,0.004,0.004,0.004
306,MB0001,-5,3,0.993,0.991,0.992
307,MB0002,-10,3,0.997,0.996,0.9965
308,MB0003,0,3,0.999,0.998,0.9985
309,MB0004,-5,3,0.998,0.997,0.9975
310,MB0005,-5,3,0.997,0.996,0.9965
311,MB0006,0,3,0.996,0.995,0.9955
312,MB0007,0,3,0.998,0.998,0.998
313,MB0008,0,3,0.998,0.998,0.998
314,MB0009,-5,3,0.998,0.998,0.998
315,MB0010,0,3,0.998,0.998,0.998
316,MB0011,-5,3,0.999,0.998,0.9985
317,MB0012,0,3,0.996,0.995,0.9955
318,MB0013,0,3,0.998,0.997,0.9975
319,MB0014,0,3,0.997,0.996,0.9965
320,MB0015,0,3,0.998,0.997,0.9975
321,MB0016,0,3,0.998,0.997,0.9975
322,MB0017,0,3,0.998,0.998,0.998
323,MB0018,0,3,0.998,0.997,0.9975
324,MB0019,0,3,0.995,0.993,0.994
325,MB0020,0,3,0.996,0.995,0.9955
326,MB0021,0,3,0.998,0.998,0.998
327,MB0022,0,3,0.998,0.998,0.998
328,MB0023,-15,3,0.998,0.997,0.9975
329,MB0024,0,3,0.996,0.995,0.9955
330,MB0025,0,3,0.998,0.998,0.998
331,MB0100,-50,3,0.99,0.988,0.989
332,MB0101,0,3,0.997,0.996,0.9965
333,MB0102,-5,3,0.997,0.997,0.997
334,MB0103,0,3,0.99,0.988,0.989
335,MB0104,0,3,0.997,0.997,0.997
336,MB0105,0,3,0.998,0.998,0.998
337,MB0106,0,3,0.999,0.998,0.9985
338,MB0107,-5,3,0.991,0.988,0.9895
339,MB0108,-5,3,0.997,0.997,0.997
341,MB0110,-40,3,0.997,0.996,0.9965
342,MB0111,-30,3,0.998,0.997,0.9975
343,MB0112,-5,3,0.996,0.995,0.9955
344,MB0113,0,3,0.997,0.997,0.997
345,MB0114,-10,3,0.988,0.986,0.987
346,MB0115,0,3,0.998,0.997,0.9975
347,MB0116,0,3,0.992,0.99,0.991
348,MB0117,0,3,0.996,0.995,0.9955
349,MB0118,-10,3,0.998,0.997,0.9975
350,MB0119,0,3,0.997,0.996,0.9965
351,MB0120,0,3,0.998,0.998,0.998
352,MB0121,0,3,0.995,0.993,0.994
111,MBt0001,0,3,0.994,0.993,0.9935
112,MBt0002,-10,3,0.997,0.996,0.9965
113,MBt0003,0,3,0.999,0.998,0.9985
114,MBt0004,0,3,0.998,0.998,0.998
115,MBt0005,-5,3,0.997,0.996,0.9965
116,MBt0006,0,3,0.996,0.995,0.9955
117,MBt0007,0,3,0.998,0.998,0.998
118,MBt0008,0,3,0.998,0.998,0.998
119,MBt0009,-5,3,0.998,0.998,0.998
120,MBt0010,0,3,0.998,0.998,0.998
121,MBt0011,-5,3,0.999,0.998,0.9985
122,MBt0012,0,3,0.996,0.995,0.9955
123,MBt0013,0,3,0.998,0.997,0.9975
124,MBt0014,0,3,0.997,0.996,0.9965
125,MBt0024,0,3,0.997,0.995,0.996
126,MBt0100,-50,3,0.99,0.988,0.989
127,MBt0101,0,3,0.997,0.996,0.9965
128,MBt0102,-5,3,0.997,0.997,0.997
129,MBt0103,0,3,0.99,0.988,0.989
130,MBt0104,0,3,0.997,0.997,0.997
131,MBt0105,0,3,0.998,0.998,0.998
132,MBt0106,0,3,0.999,0.998,0.9985
133,MBt0107,-5,3,0.99,0.988,0.989
134,MBt0108,-5,3,0.997,0.996,0.9965
135,MBt0109,-40,3,0.998,0.997,0.9975
136,MBt0110,-40,3,0.997,0.996,0.9965
137,MBt0111,-30,3,0.998,0.997,0.9975
138,MBt0112,-30,3,0.996,0.995,0.9955
139,MBt0113,0,3,0.997,0.997,0.997
140,MBt0114,-5,3,0.988,0.985,0.9865
141,MBt0115,0,3,0.998,0.997,0.9975
142,MBt0116,0,3,0.992,0.99,0.991
143,MBt0117,0,3,0.996,0.995,0.9955
144,MBt0118,0,3,0.998,0.998,0.998
145,MBt0119,0,3,0.997,0.997,0.997
146,MBt0120,0,3,0.998,0.998,0.998
147,MBt0121,0,3,0.994,0.993,0.9935
353,MR0001,0,4,0.99,0.992,0.991
354,MR0002,0,4,0.997,0.997,0.997
355,MR0003,0,4,0.997,0.997,0.997
356,MR0004,0,4,0.993,0.994,0.9935
357,MR0005,0,4,0.996,0.996,0.996
358,MR0006,-10,4,0.997,0.997,0.997
359,MR0007,0,4,0.996,0.996,0.996
360,MR0008,-20,4,0.989,0.991,0.99
361,MR0009,0,4,0.997,0.997,0.997
362,MR0010,0,4,0.987,0.99,0.9885
363,MR0011,0,4,0.997,0.997,0.997
364,MR0012,0,4,0.998,0.997,0.9975
365,MR0013,0,4,0.997,0.996,0.9965
366,MR0014,-10,4,0.996,0.996,0.996
367,MR0015,-10,4,0.997,0.997,0.997
368,MR0016,0,4,0.997,0.997,0.997
369,MR0017,-10,4,0.996,0.996,0.996
370,MR0018,-10,4,0.996,0.996,0.996
371,MR0019,-40,4,0.995,0.996,0.9955
372,MR0020,-25,4,0.997,0.997,0.997
373,MR0021,0,4,0.992,0.993,0.9925
374,MR0022,0,4,0.998,0.997,0.9975
375,MR0023,0,4,0.976,0.98,0.978
376,MR0024,0,4,0.998,0.997,0.9975
377,MR0025,-10,4,0.998,0.997,0.9975
378,MR0026,-10,4,0.991,0.992,0.9915
379,MR0027,0,4,0.996,0.996,0.996
380,MR0028,-10,4,0.996,0.996,0.996
381,MR0029,-10,4,0.977,0.982,0.9795
382,MR0030,-5,4,0.966,0.974,0.97
383,MR0031,-20,4,0.994,0.995,0.9945
384,MR0032,-20,4,0.995,0.996,0.9955
385,MR0033,-10,4,0.997,0.997,0.997
386,MR0034,0,4,0.996,0.996,0.996
387,MR0035,0,4,0.996,0.996,0.996
388,MR0036,-20,4,0.998,0.997,0.9975
389,MR0037,0,4,0.992,0.993,0.9925
390,MR0038,0,4,0.996,0.996,0.996
391,MR0039,0,4,0.997,0.997,0.997
392,MR0040,-30,4,0.997,0.996,0.9965
393,MR0041,-30,4,0.99,0.992,0.991
395,MR0043,-5,4,0.992,0.994,0.993
396,MR0044,0,4,0.995,0.995,0.995
397,MR0045,-20,4,0.995,0.996,0.9955
398,MR0046,-10,4,0.993,0.994,0.9935
400,MR0050,0,4,0.955,0.967,0.961
401,MR0051,0,4,0.995,0.995,0.995
402,MR0056,-10,4,0.991,0.992,0.9915
403,MR0057,-5,4,0.997,0.997,0.997
404,MR0058,0,4,0.997,0.997,0.997
405,MR0059,-15,4,0.996,0.996,0.996
406,MR0060,-10,4,0.997,0.997,0.997
407,MR0061,-5,4,0.997,0.997,0.997
408,MR0062,-10,4,0.997,0.997,0.997
409,MR0063,0,4,0.997,0.997,0.997
410,MR0064,-10,4,0.998,0.997,0.9975
411,MR0065,0,4,0.991,0.993,0.992
148,NTSt101,0,2,0.997,0.997,0.997
149,NTSt102,-10,2,0.996,0.996,0.996
150,NTSt103,-40,2,0.99,0.992,0.991
151,NTSt104,-20,2,0.995,0.995,0.995
152,NTSt105,-10,2,0.993,0.993,0.993
153,NTSt106,-20,2,0.996,0.996,0.996
154,NTSt107,-20,2,0.993,0.993,0.993
155,NTSt108,0,2,0.996,0.996,0.996
156,NTSt109,-10,2,0.997,0.997,0.997
157,NTSt110,-10,2,0.965,0.971,0.968
158,NTSt111,0,2,0.992,0.992,0.992
159,NTSt112,0,2,0.991,0.992,0.9915
160,NTSt113,0,2,0.997,0.997,0.997
161,NTSt114,-20,2,0.984,0.987,0.9855
162,NTSt115,-10,2,0.996,0.996,0.996
163,NTSt116,-30,2,0.975,0.98,0.9775
412,PV0003,0,1,0.053,0.049,0.051
413,PV0005,-10,1,0.004,0.004,0.004
414,PV0006,-5,1,0.001,0.001,0.001
415,PV0007,0,1,0.005,0.005,0.005
416,PV0008,0,1,0.001,0.001,0.001
164,PVt0003,0,1,0.053,0.05,0.0515
165,PVt0005,-10,1,0.004,0.004,0.004
166,PVt0006,-5,1,0.001,0.001,0.001
167,PVt0007,0,1,0.005,0.005,0.005
168,PVt0008,0,1,0.001,0.001,0.001
0,Tree,0,0,1,2,0
417,TV0002,0,5,0.91,0.909,0.9095
418,TV0003,0,5,0.961,0.961,0.961
419,TV0004,-20,5,0.955,0.955,0.955
420,TV0005,0,5,0.829,0.829,0.829
421,TV0006,0,5,0.948,0.948,0.948
422,TV0007,0,5,0.875,0.876,0.8755
423,TV0008,-20,5,0.943,0.944,0.9435
424,TV0009,-20,5,0.933,0.933,0.933
425,TV0010,-20,5,0.953,0.953,0.953
426,TV0012,-20,5,0.926,0.926,0.926
427,TV0013,-20,5,0.8,0.8,0.8
428,TV0019,-5,5,0.955,0.956,0.9555
429,TV0174,-10,5,0.806,0.806,0.806
430,TV0175,-10,5,0.894,0.893,0.8935
431,TV0176,0,5,0.678,0.678,0.678
432,TV0177,0,5,0.544,0.545,0.5445
433,TV0178,-10,5,0.082,0.083,0.0825
434,TV0179,0,5,0.432,0.432,0.432
435,TV0180,0,5,0.719,0.72,0.7195
436,TV0181,-10,5,0.701,0.701,0.701
437,TV0182,0,5,0.618,0.617,0.6175
438,TV0183,0,5,0.477,0.477,0.477
439,TV0184,0,5,0.938,0.938,0.938
440,TV0185,0,5,0.857,0.857,0.857
441,TV0186,0,5,0.6,0.6,0.6
442,TV0187,0,5,0.802,0.802,0.802
443,TV0188,0,5,0.636,0.637,0.6365
444,TV0189,0,5,0.577,0.579,0.578
445,TV0190,0,5,0.596,0.596,0.596
446,TV0191,0,5,0.59,0.59,0.59
447,TV0192,0,5,0.597,0.6,0.5985
448,TV0193,0,5,0.599,0.599,0.599
449,TV0194,-10,5,0.915,0.915,0.915
450,TV0195,0,5,0.574,0.573,0.5735
451,TV0196,0,5,0.692,0.692,0.692
452,TV0197,0,5,0.204,0.204,0.204
453,TV0198,0,5,0.802,0.802,0.802
454,TV0199,0,5,0.795,0.795,0.795
455,TV0200,-10,5,0.965,0.965,0.965
456,TV0201,0,5,0.673,0.673,0.673
457,TV0202,-10,5,0.533,0.533,0.533
458,TV0203,0,5,0.408,0.409,0.4085
459,TV0204,0,5,0.826,0.826,0.826
460,TV0205,0,5,0.826,0.826,0.826
461,TV0206,0,5,0.412,0.413,0.4125
462,TV0207,-20,5,0.932,0.931,0.9315
463,TV0208,0,5,0.75,0.751,0.7505
464,TV0209,0,5,0.486,0.486,0.486
465,TV0210,-10,5,0.785,0.784,0.7845
466,TV0211,0,5,0.842,0.841,0.8415
467,TV0212,-10,5,0.702,0.702,0.702
468,TV0213,-5,5,0.806,0.805,0.8055
469,TV0214,-5,5,0.433,0.433,0.433
470,TV0215,-10,5,0.427,0.427,0.427
471,TV0216,0,5,0.726,0.725,0.7255
472,TV0217,-15,5,0.783,0.782,0.7825
473,TV0218,-15,5,0.783,0.782,0.7825
474,TV0219,-5,5,0.699,0.699,0.699
475,TV0220,-5,5,0.699,0.699,0.699
476,TV0221,-15,5,0.672,0.672,0.672
477,TV0222,0,5,0.718,0.718,0.718
478,TV0223,0,5,0.718,0.718,0.718
479,TV0224,0,5,0.928,0.928,0.928
480,TV0225,-10,5,0.779,0.777,0.778
481,TV0226,0,5,0.159,0.159,0.159
482,TV0227,-20,5,0.766,0.767,0.7665
483,TV0228,0,5,0.852,0.851,0.8515
484,TV0229,-10,5,0.953,0.953,0.953
485,TV0230,0,5,0.94,0.94,0.94
486,TV0231,0,5,0.815,0.815,0.815
487,TV0232,-5,5,0.76,0.759,0.7595
488,TV0233,0,5,0.946,0.946,0.946
489,TV0234,0,5,0.895,0.895,0.895
490,TV0235,-10,5,0.601,0.601,0.601
491,TV0236,0,5,0.431,0.432,0.4315
492,TV0237,0,5,0.431,0.432,0.4315
493,TV0238,0,5,0.669,0.67,0.6695
494,TV0239,0,5,0.762,0.763,0.7625
495,TV0240,0,5,0.856,0.855,0.8555
496,TV0241,0,5,0.82,0.819,0.8195
497,TV0242,0,5,0.819,0.819,0.819
498,TV0243,0,5,0.819,0.819,0.819
499,TV0244,0,5,0.94,0.94,0.94
500,TV0245,0,5,0.795,0.794,0.7945
501,TV0246,0,5,0.294,0.294,0.294
502,TV0247,-10,5,0.408,0.409,0.4085
503,TV0248,-10,5,0.904,0.904,0.904
504,TV0249,-10,5,0.952,0.952,0.952
505,TV0250,0,5,0.875,0.876,0.8755
506,TV0251,-20,5,0.312,0.314,0.313
507,TV0252,0,5,0.571,0.57,0.5705
508,TV0253,0,5,0.119,0.12,0.1195
509,TV0254,0,5,0.909,0.908,0.9085
510,TV0255,-10,5,0.809,0.809,0.809
511,TV0256,0,5,0.822,0.822,0.822
512,TV0257,0,5,0.038,0.038,0.038
513,TV0258,0,5,0.102,0.102,0.102
514,TV0259,0,5,0.033,0.033,0.033
515,TV0260,0,5,0.352,0.352,0.352
516,TV0261,0,5,0.352,0.353,0.3525
517,TV0262,0,5,0.033,0.033,0.033
518,TV0263,-10,5,0.057,0.057,0.057
519,TV0264,0,5,0.063,0.063,0.063
520,TV0265,0,5,0.072,0.072,0.072
521,TV0266,0,5,0.137,0.137,0.137
522,TV0267,0,5,0.138,0.138,0.138
523,TV0268,0,5,0.167,0.169,0.168
524,TV0269,0,5,0.245,0.245,0.245
525,TV0270,0,5,0.214,0.217,0.2155
526,TV0271,0,5,0.405,0.406,0.4055
527,TV0272,0,5,0.043,0.044,0.0435
528,TV0273,0,5,0.07,0.07,0.07
529,TV0274,0,5,0.055,0.054,0.0545
530,TV0275,0,5,0.067,0.067,0.067
531,TV0276,0,5,0.073,0.074,0.0735
532,TV0277,-10,5,0.036,0.036,0.036
533,TV0278,-10,5,0.038,0.038,0.038
534,TV0279,0,5,0.075,0.075,0.075
535,TV0280,0,5,0.075,0.075,0.075
536,TV0281,0,5,0.083,0.084,0.0835
537,TV0282,0,5,0.11,0.11,0.11
538,TV0283,0,5,0.154,0.155,0.1545
539,TV0284,0,5,0.147,0.148,0.1475
540,TV0285,0,5,0.199,0.2,0.1995
541,TV0286,-10,5,0.343,0.343,0.343
542,TV0287,0,5,0.111,0.111,0.111
543,TV0288,0,5,0.418,0.419,0.4185
544,TV0289,0,5,0.218,0.218,0.218
545,TV0290,0,5,0.044,0.044,0.044
546,TV0291,0,5,0.039,0.039,0.039
547,TV0292,-20,5,0.063,0.064,0.0635
548,TV0293,0,5,0.04,0.04,0.04
549,TV0294,0,5,0.273,0.275,0.274
550,TV0295,0,5,0.273,0.274,0.2735
551,TV0296,0,5,0.053,0.053,0.053
552,TV0297,0,5,0.323,0.324,0.3235
553,TV0298,0,5,0.097,0.097,0.097
554,TV0299,0,5,0.104,0.105,0.1045
555,TV0300,0,5,0.085,0.085,0.085
556,TV0301,0,5,0.108,0.109,0.1085
557,TV0302,-10,5,0.047,0.047,0.047
558,TV0303,-10,5,0.192,0.191,0.1915
559,TV0304,-5,5,0.076,0.077,0.0765
560,TV0305,0,5,0.196,0.196,0.196
561,TV0307,0,5,0.193,0.195,0.194
562,TV0308,0,5,0.109,0.108,0.1085
563,TV0309,0,5,0.042,0.042,0.042
564,TV0310,0,5,0.042,0.042,0.042
565,TV0311,0,5,0.193,0.194,0.1935
566,TV0312,0,5,0.193,0.194,0.1935
567,TV0313,0,5,0.143,0.144,0.1435
568,TV0314,-10,5,0.111,0.112,0.1115
569,TV0315,0,5,0.055,0.056,0.0555
570,TV0316,-10,5,0.261,0.262,0.2615
571,TV0317,-10,5,0.262,0.262,0.262
572,TV0318,0,5,0.077,0.078,0.0775
573,TV0319,0,5,0.092,0.093,0.0925
574,TV0320,-10,5,0.068,0.068,0.068
575,TV0321,0,5,0.056,0.057,0.0565
576,TV0322,-10,5,0.037,0.037,0.037
577,TV0323,0,5,0.056,0.057,0.0565
578,TV0324,0,5,0.057,0.057,0.057
579,TV0325,0,5,0.032,0.032,0.032
580,TV0326,0,5,0.074,0.074,0.074
581,TV0327,0,5,0.116,0.116,0.116
582,TV0328,0,5,0.032,0.032,0.032
583,TV0329,0,5,0.062,0.062,0.062
584,TV0330,0,5,0.076,0.076,0.076
585,TV0331,0,5,0.055,0.055,0.055
586,TV0332,0,5,0.055,0.055,0.055
587,TV0333,0,5,0.075,0.075,0.075
588,TV0334,-10,5,0.913,0.913,0.913
589,TV0335,0,5,0.038,0.038,0.038
590,TV0336,-20,5,0.835,0.834,0.8345
591,TV0337,-10,5,0.292,0.293,0.2925
592,TV0338,0,5,0.11,0.11,0.11
593,TV0339,-10,5,0.201,0.201,0.201
594,TV0340,-10,5,0.201,0.202,0.2015
595,TV0341,-10,5,0.954,0.953,0.9535
596,TV0342,0,5,0.062,0.062,0.062
597,TV0343,-10,5,0.224,0.225,0.2245
598,TV0344,0,5,0.28,0.281,0.2805
599,TV0345,0,5,0.189,0.19,0.1895
600,TV0346,0,5,0.19,0.19,0.19
601,TV0347,-30,5,0.949,0.949,0.949
602,TV0348,-30,5,0.765,0.764,0.7645
603,TV0349,-35,5,0.939,0.939,0.939
604,TV0350,-30,5,0.916,0.916,0.916
605,TV0351,-45,5,0.901,0.901,0.901
606,TV0352,-35,5,0.864,0.864,0.864
607,TV0353,-40,5,0.726,0.726,0.726
608,TV0354,-40,5,0.891,0.891,0.891
609,TV0355,-45,5,0.684,0.682,0.683
610,TV0356,-30,5,0.933,0.933,0.933
611,TV0357,-30,5,0.898,0.897,0.8975
612,TV0358,-30,5,0.957,0.957,0.957
613,TV0359,-35,5,0.816,0.815,0.8155
614,TV0360,-35,5,0.845,0.845,0.845
615,TV0361,-30,5,0.955,0.955,0.955
616,TV0369,0,5,0.961,0.961,0.961
617,TV0393,0,5,0.094,0.094,0.094
618,TV0399,0,5,0.375,0.375,0.375
619,TV0400,0,5,0.634,0.633,0.6335
620,TV0409,-5,5,0.204,0.204,0.204
621,TV0441,-10,5,0.083,0.084,0.0835
623,TV0459,-10,5,0.064,0.065,0.0645
624,TV0480,-20,5,0.052,0.052,0.052
625,TV0484,-35,5,0.209,0.21,0.2095
626,TV0485,-30,5,0.801,0.801,0.801
627,TV0487,-15,5,0.359,0.358,0.3585
629,TV0492,-5,5,0.286,0.287,0.2865
630,TV0538,0,5,0.569,0.568,0.5685
631,TV0553,-15,5,0.891,0.891,0.891
632,TV0555,-5,5,0.81,0.81,0.81
633,TV0571,0,5,0.935,0.935,0.935
634,TV0575,-5,5,0.207,0.209,0.208
635,TV0586,0,5,0.721,0.722,0.7215
636,TV0610,-10,5,0.062,0.063,0.0625
637,TV0638,0,5,0.095,0.095,0.095
638,TV0658,0,5,0.898,0.899,0.8985
639,TV0664,0,5,0.034,0.034,0.034
640,TV0691,0,5,0.062,0.061,0.0615
641,TV0716,-40,5,0.068,0.068,0.068
642,TV0717,0,5,0.039,0.039,0.039
643,TV0720,0,5,0.785,0.785,0.785
644,TV0721,-30,5,0.048,0.049,0.0485
645,TV0724,-30,5,0.62,0.62,0.62
646,TV0725,0,5,0.072,0.073,0.0725
647,TV0728,0,5,0.803,0.801,0.802
648,TV0795,-10,5,0.775,0.776,0.7755
649,TV0833,0,5,0.699,0.7,0.6995
650,TV0838,0,5,0.675,0.675,0.675
651,TV0883,0,5,0.621,0.621,0.621
652,TV0886,0,5,0.273,0.274,0.2735
653,TV0892,-10,5,0.249,0.25,0.2495
654,TV0893,-10,5,0.29,0.29,0.29
655,TV0895,0,5,0.353,0.354,0.3535
656,TV0897,0,5,0.44,0.44,0.44
657,TV0898,0,5,0.064,0.065,0.0645
658,TV0899,0,5,0.052,0.052,0.052
659,TV0901,0,5,0.87,0.869,0.8695
660,TV0904,0,5,0.326,0.326,0.326
661,TV0907,0,5,0.809,0.808,0.8085
662,TV0910,0,5,0.911,0.912,0.9115
663,TV0913,0,5,0.11,0.11,0.11
664,TV0918,0,5,0.82,0.82,0.82
665,TV0919,0,5,0.767,0.769,0.768
666,TV0920,0,5,0.591,0.591,0.591
667,TV0923,0,5,0.709,0.71,0.7095
668,TV0926,0,5,0.07,0.071,0.0705
669,TV0928,-5,5,0.855,0.856,0.8555
670,TV0930,0,5,0.965,0.965,0.965
671,TV0936,0,5,0.176,0.176,0.176
672,TV0946,0,5,0.852,0.851,0.8515
673,TV0952,0,5,0.613,0.613,0.613
674,TV0955,0,5,0.346,0.346,0.346
675,TV0956,0,5,0.855,0.856,0.8555
676,TV0958,0,5,0.035,0.035,0.035
677,TV0959,0,5,0.29,0.293,0.2915
678,TV0961,0,5,0.155,0.154,0.1545
679,TV0962,0,5,0.598,0.597,0.5975
680,TV0969,0,5,0.109,0.108,0.1085
681,TV0971,0,5,0.206,0.207,0.2065
682,TV0972,0,5,0.204,0.205,0.2045
683,TV0975,0,5,0.076,0.076,0.076
684,TV0976,0,5,0.062,0.062,0.062
685,TV0977,-5,5,0.366,0.367,0.3665
686,TV0979,-10,5,0.044,0.044,0.044
687,TV0980,0,5,0.069,0.07,0.0695
688,TV0981,-10,5,0.155,0.156,0.1555
689,TV0983,0,5,0.133,0.133,0.133
690,TV0984,0,5,0.585,0.586,0.5855
691,TV0986,-10,5,0.038,0.038,0.038
692,TV0989,0,5,0.076,0.076,0.076
693,TV0991,0,5,0.961,0.961,0.961
694,TV0992,0,5,0.302,0.302,0.302
695,TV0996,0,5,0.102,0.101,0.1015
696,TV0997,0,5,0.126,0.127,0.1265
697,TV0998,0,5,0.903,0.903,0.903
698,TV0999,-5,5,0.214,0.215,0.2145
699,TV1003,0,5,0.362,0.362,0.362
700,TV1004,0,5,0.272,0.272,0.272
701,TV1005,0,5,0.143,0.144,0.1435
702,TV1006,0,5,0.048,0.047,0.0475
703,TV1007,-10,5,0.25,0.251,0.2505
704,TV1008,-5,5,0.186,0.186,0.186
705,TV1009,0,5,0.281,0.281,0.281
706,TV1011,0,5,0.17,0.171,0.1705
707,TV1018,0,5,0.114,0.114,0.114
708,TV1019,-5,5,0.767,0.768,0.7675
709,TV1020,-5,5,0.105,0.106,0.1055
710,TV1022,0,5,0.135,0.136,0.1355
711,TV1024,0,5,0.796,0.795,0.7955
712,TV1026,0,5,0.571,0.572,0.5715
713,TV1027,-10,5,0.445,0.445,0.445
714,TV1028,0,5,0.032,0.032,0.032
715,TV1030,0,5,0.824,0.823,0.8235
716,TV1032,0,5,0.064,0.065,0.0645
717,TV1036,0,5,0.811,0.812,0.8115
718,TV1042,0,5,0.575,0.575,0.575
719,TV1043,0,5,0.305,0.305,0.305
720,TV1046,0,5,0.485,0.486,0.4855
721,TV1047,0,5,0.735,0.735,0.735
722,TV1055,0,5,0.47,0.471,0.4705
723,TV1058,0,5,0.377,0.376,0.3765
724,TV1061,0,5,0.687,0.687,0.687
725,TV1065,0,5,0.097,0.097,0.097
726,TV1069,0,5,0.878,0.878,0.878
727,TV1074,0,5,0.082,0.083,0.0825
728,TV1080,0,5,0.065,0.066,0.0655
729,TV1082,0,5,0.044,0.044,0.044
730,TV1084,0,5,0.073,0.074,0.0735
731,TV1086,0,5,0.102,0.102,0.102
732,TV1087,0,5,0.209,0.211,0.21
733,TV1088,0,5,0.24,0.24,0.24
734,TV1090,0,5,0.074,0.073,0.0735
735,TV1091,0,5,0.114,0.114,0.114
736,TV1092,0,5,0.06,0.06,0.06
737,TV1093,0,5,0.049,0.049,0.049
738,TV1095,0,5,0.046,0.046,0.046
739,TV1097,0,5,0.103,0.103,0.103
740,TV1099,-5,5,0.051,0.051,0.051
741,TV1100,-5,5,0.096,0.098,0.097
742,TV1101,-5,5,0.248,0.248,0.248
743,TV1102,0,5,0.048,0.048,0.048
744,TV1103,0,5,0.479,0.48,0.4795
745,TV1104,0,5,0.159,0.159,0.159
746,TV1107,0,5,0.287,0.287,0.287
747,TV1108,0,5,0.445,0.446,0.4455
748,TV1109,0,5,0.212,0.211,0.2115
749,TV1110,0,5,0.116,0.116,0.116
750,TV1111,0,5,0.111,0.111,0.111
751,TV1112,0,5,0.704,0.703,0.7035
752,TV1113,0,5,0.819,0.82,0.8195
753,TV1114,0,5,0.858,0.858,0.858
754,TV1115,0,5,0.103,0.104,0.1035
755,TV1116,-10,5,0.221,0.22,0.2205
756,TV1117,0,5,0.947,0.947,0.947
757,TV1118,0,5,0.974,0.974,0.974
758,TV1119,-10,5,0.778,0.779,0.7785
759,TV1120,-10,5,0.836,0.835,0.8355
760,TV1121,0,5,0.771,0.771,0.771
761,TV1122,-5,5,0.52,0.522,0.521
762,TV1132,0,5,0.819,0.819,0.819
763,TV1133,0,5,0.268,0.268,0.268
764,TV1134,0,5,0.818,0.818,0.818
765,TV1136,0,5,0.468,0.468,0.468
766,TV1137,-5,5,0.035,0.035,0.035
767,TV1138,0,5,0.879,0.879,0.879
768,TV1141,0,5,0.728,0.729,0.7285
769,TV1142,0,5,0.456,0.456,0.456
770,TV1147,0,5,0.042,0.043,0.0425
771,TV1161,0,5,0.739,0.74,0.7395
772,TV1162,0,5,0.637,0.637,0.637
773,TV1163,0,5,0.069,0.07,0.0695
774,TV1164,-10,5,0.37,0.37,0.37
775,TV1165,-40,5,0.944,0.944,0.944
776,TV1170,0,5,0.909,0.909,0.909
777,TV1172,-10,5,0.408,0.409,0.4085
778,TV1174,-20,5,0.781,0.78,0.7805
780,TV1178,0,5,0.801,0.8,0.8005
781,TV1179,0,5,0.485,0.484,0.4845
782,TV1180,-10,5,0.818,0.817,0.8175
783,TV1182,-5,5,0.831,0.832,0.8315
784,TV1183,0,5,0.099,0.1,0.0995
785,TV1184,-10,5,0.751,0.75,0.7505
786,TV1185,0,5,0.947,0.947,0.947
787,TV1186,0,5,0.834,0.834,0.834
788,TV1189,0,5,0.85,0.849,0.8495
789,TV1191,0,5,0.09,0.091,0.0905
790,TV1193,-10,5,0.39,0.389,0.3895
791,TV1194,0,5,0.1,0.1,0.1
792,TV1201,0,5,0.161,0.161,0.161
793,TV1216,-5,5,0.717,0.717,0.717
794,TV1218,0,5,0.423,0.424,0.4235
795,TV1219,0,5,0.957,0.956,0.9565
796,TV1220,0,5,0.863,0.864,0.8635
797,TV1221,0,5,0.898,0.897,0.8975
798,TV1222,-5,5,0.901,0.901,0.901
799,TV1225,0,5,0.082,0.082,0.082
800,TV1227,0,5,0.167,0.168,0.1675
801,TV1229,0,5,0.333,0.332,0.3325
802,TV1230,-5,5,0.064,0.064,0.064
803,TV1235,-30,5,0.37,0.371,0.3705
804,TV1239,0,5,0.077,0.078,0.0775
805,TV1244,-5,5,0.056,0.055,0.0555
806,TV1249,-10,5,0.041,0.041,0.041
807,TV1253,0,5,0.051,0.051,0.051
808,TV1254,0,5,0.428,0.428,0.428
809,TV1256,0,5,0.425,0.426,0.4255
810,TV1258,0,5,0.039,0.039,0.039
811,TV1259,0,5,0.175,0.176,0.1755
812,TV1260,0,5,0.065,0.065,0.065
813,TV1261,0,5,0.059,0.059,0.059
814,TV1263,0,5,0.031,0.031,0.031
815,TV1265,0,5,0.296,0.297,0.2965
816,TV1267,-5,5,0.428,0.428,0.428
817,TV1268,-10,5,0.086,0.086,0.086
818,TV1271,0,5,0.05,0.05,0.05
819,TV1273,0,5,0.05,0.05,0.05
820,TV1281,0,5,0.078,0.079,0.0785
821,TV1283,-5,5,0.141,0.141,0.141
822,TV1287,0,5,0.803,0.801,0.802
823,TV1288,0,5,0.882,0.881,0.8815
824,TV1289,0,5,0.556,0.555,0.5555
825,TV1296,-10,5,0.84,0.84,0.84
826,TV1303,0,5,0.926,0.927,0.9265
827,TV1306,-20,5,0.108,0.109,0.1085
828,TV1318,0,5,0.67,0.67,0.67
829,TV1320,0,5,0.798,0.799,0.7985
830,TV1321,0,5,0.948,0.947,0.9475
831,TV1323,0,5,0.954,0.954,0.954
832,TV1327,0,5,0.911,0.911,0.911
833,TV1333,-5,5,0.966,0.966,0.966
834,TV1336,0,5,0.915,0.915,0.915
835,TV1340,0,5,0.883,0.883,0.883
836,TV1341,0,5,0.598,0.599,0.5985
837,TV1345,-5,5,0.92,0.92,0.92
838,TV1348,0,5,0.94,0.94,0.94
839,TV1349,0,5,0.942,0.942,0.942
840,TV1351,0,5,0.954,0.954,0.954
841,TV1354,-10,5,0.816,0.817,0.8165
842,TV1355,0,5,0.553,0.553,0.553
843,TV1357,0,5,0.915,0.916,0.9155
844,TV1361,0,5,0.286,0.286,0.286
845,TV1370,0,5,0.108,0.108,0.108
846,TV1400,0,5,0.665,0.664,0.6645
847,TV1401,0,5,0.834,0.834,0.834
848,TV1402,-5,5,0.845,0.845,0.845
849,TV1403,0,5,0.774,0.774,0.774
850,TV1404,0,5,0.06,0.06,0.06
851,TV1405,0,5,0.26,0.261,0.2605
852,TV1407,0,5,0.911,0.911,0.911
853,TV1408,-5,5,0.828,0.827,0.8275
854,TV1410,0,5,0.663,0.662,0.6625
855,TV1416,-10,5,0.464,0.465,0.4645
856,TV1422,0,5,0.124,0.124,0.124
857,TV1430,0,5,0.052,0.052,0.052
858,TV1502,0,5,0.184,0.184,0.184
859,TV1503,0,5,0.147,0.147,0.147
860,TV1507,-10,5,0.062,0.062,0.062
861,TV1508,0,5,0.063,0.062,0.0625
862,TV1509,-30,5,0.068,0.068,0.068
863,TV1510,0,5,0.375,0.375,0.375
864,TV1519,-10,5,0.35,0.353,0.3515
865,TV1521,-10,5,0.888,0.888,0.888
866,TV2003,0,5,0.036,0.036,0.036
867,TV2004,0,5,0.107,0.107,0.107
868,TV2005,0,5,0.143,0.144,0.1435
869,TV2017,0,5,0.049,0.049,0.049
870,TV2026,-10,5,0.204,0.205,0.2045
871,TV2030,-10,5,0.041,0.041,0.041
872,TV2031,0,5,0.055,0.056,0.0555
873,TV2032,-20,5,0.182,0.182,0.182
874,TV2033,-10,5,0.036,0.036,0.036
875,TV2034,-15,5,0.06,0.061,0.0605
876,TV2035,-50,5,0.108,0.109,0.1085
877,TV2041,0,5,0.045,0.046,0.0455
878,TV2048,0,5,0.176,0.176,0.176
879,TV2053,0,5,0.046,0.046,0.046
880,TV2055,-5,5,0.305,0.305,0.305
881,TV2060,0,5,0.635,0.635,0.635
882,TV2062,0,5,0.279,0.278,0.2785
883,TV2064,0,5,0.063,0.063,0.063
884,TV2065,0,5,0.067,0.066,0.0665
885,TV2066,-10,5,0.238,0.238,0.238
886,TV2068,-40,5,0.068,0.068,0.068
887,TV2069,-10,5,0.11,0.111,0.1105
888,TV2071,0,5,0.755,0.756,0.7555
889,TV2078,0,5,0.74,0.74,0.74
890,TV2080,-10,5,0.044,0.044,0.044
891,TV2086,-20,5,0.838,0.838,0.838
892,TV2090,0,5,0.675,0.676,0.6755
894,TV2252,0,5,0.815,0.815,0.815
895,TV2253,-10,5,0.068,0.068,0.068
896,TV2254,-5,5,0.05,0.05,0.05
897,TV2257,0,5,0.133,0.134,0.1335
898,TV2258,-10,5,0.137,0.138,0.1375
899,TV2259,-20,5,0.541,0.541,0.541
900,TV2261,0,5,0.034,0.034,0.034
901,TV2265,0,5,0.067,0.067,0.067
902,TV2268,0,5,0.139,0.14,0.1395
903,TV2269,-15,5,0.056,0.056,0.056
904,TV2270,-15,5,0.056,0.056,0.056
905,TV2271,-15,5,0.056,0.056,0.056
906,TV2272,-10,5,0.131,0.132,0.1315
909,TV2277,0,5,0.189,0.189,0.189
910,TV2280,-10,5,0.082,0.082,0.082
911,TV2281,0,5,0.054,0.054,0.054
912,TV2282,-30,5,0.053,0.053,0.053
913,TV2283,-35,5,0.466,0.467,0.4665
914,TV2284,0,5,0.087,0.087,0.087
915,TV2285,-5,5,0.102,0.103,0.1025
916,TV2286,0,5,0.306,0.305,0.3055
917,TV2288,-5,5,0.082,0.083,0.0825
918,TV2290,-20,5,0.086,0.086,0.086
919,TV2293,0,5,0.033,0.033,0.033
920,TV2295,-20,5,0.063,0.063,0.063
921,TV2296,0,5,0.069,0.069,0.069
922,TV2297,-25,5,0.067,0.067,0.067
923,TV2298,0,5,0.274,0.275,0.2745
924,TV2299,0,5,0.059,0.059,0.059
927,TV2302,-10,5,0.151,0.151,0.151
928,TV2304,-20,5,0.045,0.045,0.045
929,TV2501,-10,5,0.04,0.04,0.04
930,TV2502,0,5,0.109,0.109,0.109
931,TV2503,0,5,0.102,0.101,0.1015
932,TV2504,-10,5,0.091,0.093,0.092
933,TV2506,-5,5,0.327,0.328,0.3275
935,TV2511,-10,5,0.934,0.934,0.934
936,TV2514,-10,5,0.696,0.696,0.696
937,TV2515,0,5,0.896,0.896,0.896
938,TV2517,-30,5,0.562,0.562,0.562
939,TV2518,-5,5,0.589,0.591,0.59
940,TV2519,-5,5,0.7,0.701,0.7005
941,TV2520,0,5,0.917,0.917,0.917
942,TV2522,0,5,0.663,0.662,0.6625
943,TV2523,-10,5,0.732,0.733,0.7325
944,TV2524,-5,5,0.678,0.68,0.679
945,TV2525,-20,5,0.898,0.898,0.898
946,TV2527,0,5,0.156,0.157,0.1565
947,TV2529,-10,5,0.104,0.104,0.104
948,TV2530,-10,5,0.087,0.087,0.087
949,TV2753,-10,5,0.043,0.043,0.043
950,TV2755,-20,5,0.091,0.091,0.091
951,TV2757,0,5,0.032,0.033,0.0325
952,TV2759,0,5,0.057,0.058,0.0575
953,TV2762,-10,5,0.05,0.05,0.05
954,TV2764,-5,5,0.063,0.063,0.063
955,TV2766,-10,5,0.049,0.05,0.0495
956,TV2770,0,5,0.041,0.041,0.041
957,TV2772,-30,5,0.081,0.081,0.081
958,TV2773,-5,5,0.073,0.073,0.073
959,TV2774,-5,5,0.144,0.145,0.1445
960,TV2775,-10,5,0.099,0.098,0.0985
961,TV2780,0,5,0.096,0.096,0.096
962,TV2781,0,5,0.128,0.129,0.1285
963,TV2782,-20,5,0.115,0.115,0.115
965,TV2784,-5,5,0.051,0.051,0.051
966,TV2788,0,5,0.051,0.051,0.051
967,TV2789,-10,5,0.03,0.03,0.03
968,TV2790,0,5,0.08,0.08,0.08
969,TV2792,0,5,0.117,0.117,0.117
970,TV2795,0,5,0.111,0.111,0.111
971,TV2796,-40,5,0.106,0.106,0.106
972,TV2797,0,5,0.094,0.096,0.095
973,TV2798,-5,5,0.05,0.05,0.05
974,TV2804,0,5,0.212,0.212,0.212
976,TV2808,-10,5,0.062,0.062,0.062
977,TV2810,0,5,0.055,0.055,0.055
978,TV2812,0,5,0.058,0.058,0.058
979,TV2813,0,5,0.054,0.054,0.054
980,TV3001,0,5,0.218,0.217,0.2175
981,TV3002,0,5,0.27,0.271,0.2705
982,TV3003,-10,5,0.075,0.075,0.075
983,TV3005,-30,5,0.046,0.046,0.046
984,TV3006,0,5,0.054,0.054,0.054
985,TV3007,0,5,0.167,0.167,0.167
986,TV3008,0,5,0.153,0.153,0.153
987,TV3009,0,5,0.368,0.369,0.3685
988,TV3010,0,5,0.29,0.292,0.291
989,TV3011,0,5,0.165,0.166,0.1655
990,TV3012,-10,5,0.062,0.062,0.062
991,TV3013,0,5,0.502,0.502,0.502
992,TV3014,0,5,0.158,0.158,0.158
993,TV3015,0,5,0.11,0.11,0.11
994,TV3016,0,5,0.082,0.083,0.0825
995,TV3017,0,5,0.11,0.111,0.1105
996,TV3018,-5,5,0.254,0.254,0.254
997,TV3019,0,5,0.066,0.066,0.066
998,TV3020,-10,5,0.258,0.257,0.2575
999,TV3021,0,5,0.715,0.715,0.715
1000,TV3022,0,5,0.032,0.032,0.032
1001,TV3023,0,5,0.135,0.136,0.1355
1002,TV3024,0,5,0.433,0.433,0.433
1003,TV3025,-10,5,0.091,0.092,0.0915
1004,TV3026,-5,5,0.059,0.059,0.059
1005,TV3027,0,5,0.066,0.066,0.066
1006,TV3028,0,5,0.036,0.036,0.036
1007,TV3029,0,5,0.061,0.062,0.0615
1008,TV3030,0,5,0.063,0.063,0.063
1009,TV3031,-20,5,0.114,0.114,0.114
1010,TV3032,-10,5,0.156,0.157,0.1565
1011,TV3033,-5,5,0.138,0.14,0.139
1012,TV3034,-15,5,0.192,0.192,0.192
1013,TV3035,0,5,0.04,0.04,0.04
1014,TV3036,0,5,0.046,0.046,0.046
1015,TV3037,0,5,0.063,0.064,0.0635
1016,TV3038,-40,5,0.154,0.154,0.154
1017,TV3040A,0,5,0.068,0.068,0.068
1018,TV3040B,0,5,0.068,0.068,0.068
1019,TV3041,0,5,0.062,0.062,0.062
1020,TV3042,0,5,0.079,0.079,0.079
1021,TV3043,-10,5,0.105,0.106,0.1055
1022,TV3044,0,5,0.309,0.31,0.3095
1023,TV3045,0,5,0.565,0.565,0.565
1024,TV3046,-10,5,0.19,0.19,0.19
1025,TV3047,0,5,0.474,0.475,0.4745
1026,TV3048,0,5,0.076,0.076,0.076
1027,TV3049,0,5,0.101,0.102,0.1015
1028,TV3050,0,5,0.038,0.038,0.038
1029,TV3051,0,5,0.058,0.058,0.058
1030,TV3052,-5,5,0.428,0.429,0.4285
1031,TV3053,-20,5,0.047,0.048,0.0475
1032,TV3054,-15,5,0.453,0.45,0.4515
1033,TV3055,0,5,0.07,0.07,0.07
1034,TV3056,0,5,0.098,0.098,0.098
1035,TV3201,-10,5,0.961,0.961,0.961
1036,TV3202,0,5,0.13,0.131,0.1305
1037,TV3203,0,5,0.226,0.226,0.226
1038,TV3204,0,5,0.497,0.496,0.4965
1039,TV3205,-5,5,0.469,0.469,0.469
1040,TV3206,0,5,0.804,0.804,0.804
1041,TV3207,0,5,0.805,0.805,0.805
1042,TV3208,0,5,0.403,0.403,0.403
1043,TV3209,0,5,0.279,0.278,0.2785
1044,TV3210,-5,5,0.069,0.07,0.0695
1045,TV3211,0,5,0.497,0.498,0.4975
1046,TV3212,-10,5,0.597,0.597,0.597
1047,TV3213,0,5,0.423,0.424,0.4235
1048,TV3214,0,5,0.898,0.898,0.898
1049,TV3215,-10,5,0.084,0.084,0.084
1050,TV3216,-10,5,0.144,0.145,0.1445
1051,TV3217,0,5,0.922,0.921,0.9215
1052,TV3218,0,5,0.1,0.1,0.1
1053,TV3219,0,5,0.911,0.91,0.9105
1054,TV3220,0,5,0.868,0.867,0.8675
1055,TV3221,0,5,0.297,0.297,0.297
1056,TV3222,0,5,0.957,0.957,0.957
1057,TV3223,0,5,0.872,0.872,0.872
1058,TV3224,0,5,0.909,0.909,0.909
1059,TV3225,-10,5,0.947,0.947,0.947
1060,TV3226,0,5,0.868,0.869,0.8685
1061,TV3227,0,5,0.448,0.449,0.4485
1062,TV3228,0,5,0.924,0.924,0.924
1063,TV3229,0,5,0.871,0.87,0.8705
1064,TV3230,0,5,0.207,0.208,0.2075
1065,TV3231,0,5,0.065,0.064,0.0645
1066,TV3232,-5,5,0.245,0.246,0.2455
1067,TV3233,0,5,0.684,0.685,0.6845
1068,TV3234,0,5,0.604,0.603,0.6035
1069,TV3235,-30,5,0.913,0.913,0.913
1070,TV3236,-5,5,0.75,0.75,0.75
1071,TV3237,0,5,0.969,0.969,0.969
1072,TV3238,0,5,0.822,0.821,0.8215
1073,TV3239,0,5,0.964,0.964,0.964
1074,TV3240,0,5,0.096,0.096,0.096
1075,TV3241,-10,5,0.79,0.79,0.79
1076,TV3243,-5,5,0.69,0.69,0.69
1077,TV3244,0,5,0.969,0.969,0.969
1078,TV3245,0,5,0.343,0.343,0.343
1079,TV4001,0,5,0.952,0.952,0.952
1080,TV4002,0,5,0.952,0.952,0.952
1081,TV4003,0,5,0.847,0.847,0.847
1082,TV4004,-10,5,0.89,0.888,0.889
1083,TV4005,-20,5,0.936,0.936,0.936
1084,TV4006,-30,5,0.928,0.928,0.928
1085,TV4007,0,5,0.933,0.933,0.933
1086,TV4008,-15,5,0.908,0.909,0.9085
1087,TV4009,0,5,0.955,0.955,0.955
1088,TV4010,0,5,0.956,0.956,0.956
1089,TV4011,0,5,0.951,0.951,0.951
1090,TV4251,0,5,0.612,0.61,0.611
1091,TV4252,-10,5,0.953,0.952,0.9525
1092,TV4253,-40,5,0.937,0.937,0.937
1093,TV4254,-5,5,0.817,0.817,0.817
1094,TV4255,0,5,0.895,0.896,0.8955
1095,TV4256,0,5,0.811,0.811,0.811
1096,TV4257,0,5,0.734,0.735,0.7345
1097,TV4258,-10,5,0.846,0.846,0.846
1098,TV4259,-5,5,0.932,0.932,0.932
1099,TV4260,0,5,0.711,0.711,0.711
1100,TV4261,0,5,0.876,0.876,0.876
1101,TV4262,-5,5,0.951,0.951,0.951
1102,TV4263,0,5,0.864,0.864,0.864
1103,TV4264,0,5,0.967,0.967,0.967
1104,TV4265,0,5,0.94,0.939,0.9395
1105,TV4266,0,5,0.888,0.888,0.888
1106,TV4267,0,5,0.916,0.916,0.916
1107,TV4268,0,5,0.862,0.862,0.862
1108,TV4269,-10,5,0.875,0.874,0.8745
1109,TV4270,0,5,0.926,0.925,0.9255
1110,TV4271,0,5,0.446,0.447,0.4465
1111,TV4272,0,5,0.961,0.961,0.961
1112,TV4273,0,5,0.839,0.839,0.839
1113,TV4274,0,5,0.939,0.939,0.939
1114,TV4275,-10,5,0.953,0.953,0.953
1115,TV4276,0,5,0.915,0.915,0.915
1116,TV4277,-5,5,0.941,0.942,0.9415
1117,TV4278,-20,5,0.86,0.86,0.86
1118,TV4279,-5,5,0.72,0.721,0.7205
1119,TV4280,0,5,0.924,0.924,0.924
1120,TV4281,0,5,0.933,0.933,0.933
1121,TV4282,0,5,0.881,0.881,0.881
1122,TV4283,-5,5,0.939,0.939,0.939
1123,TV4284,-5,5,0.961,0.96,0.9605
1124,TV4285,-25,5,0.726,0.725,0.7255
1125,TV4286,0,5,0.946,0.946,0.946
1126,TV4287,0,5,0.933,0.933,0.933
1127,TV4288,0,5,0.944,0.943,0.9435
1128,TV4289,-5,5,0.83,0.83,0.83
1129,TV4290,-5,5,0.702,0.701,0.7015
1130,TV4291,-5,5,0.938,0.938,0.938
1131,TV4292,0,5,0.934,0.934,0.934
1132,TV4293,-5,5,0.866,0.865,0.8655
1133,TV4294,-5,5,0.907,0.907,0.907
1134,TV4295,-20,5,0.9,0.9,0.9
1135,TV4296,0,5,0.733,0.733,0.733
1136,TV4297,-5,5,0.923,0.922,0.9225
1137,TV4298,-10,5,0.783,0.782,0.7825
1138,TV4299,0,5,0.891,0.891,0.891
1139,TV4300,-10,5,0.953,0.953,0.953
1140,TV4301,-5,5,0.765,0.764,0.7645
1141,TV4302,0,5,0.956,0.956,0.956
1142,TV4303,0,5,0.9,0.9,0.9
1143,TV4304,0,5,0.829,0.829,0.829
1144,TV4305,-5,5,0.902,0.902,0.902
1145,TV4306,-5,5,0.772,0.771,0.7715
1146,TV4307,0,5,0.931,0.931,0.931
1147,TV4308,0,5,0.947,0.947,0.947
1148,TV4309,-5,5,0.949,0.949,0.949
1149,TV4310,0,5,0.441,0.441,0.441
1150,TV4311,-5,5,0.431,0.432,0.4315
1151,TV4312,0,5,0.835,0.835,0.835
1152,TV4313,0,5,0.542,0.541,0.5415
1153,TV4314,0,5,0.648,0.648,0.648
1154,TV4315,-30,5,0.716,0.717,0.7165
1155,TV4316,0,5,0.846,0.845,0.8455
1156,TV4317,0,5,0.705,0.706,0.7055
1157,TV4318,0,5,0.92,0.919,0.9195
1158,TV4319,0,5,0.516,0.516,0.516
1159,TV4320,-5,5,0.719,0.719,0.719
1160,TV4321,-15,5,0.551,0.551,0.551
1161,TV4322,-30,5,0.458,0.458,0.458
1162,TV4501,-10,5,0.691,0.691,0.691
1163,TV4502,0,5,0.928,0.928,0.928
1164,TV4503,0,5,0.917,0.917,0.917
1165,TV4504,0,5,0.83,0.828,0.829
1166,TV4505,0,5,0.772,0.772,0.772
1167,TV4506,-10,5,0.828,0.828,0.828
1168,TV4507,0,5,0.811,0.81,0.8105
1169,TV4508,-5,5,0.88,0.88,0.88
1170,TV4509,0,5,0.903,0.902,0.9025
1171,TV4510,-10,5,0.897,0.896,0.8965
1172,TV4511,0,5,0.754,0.753,0.7535
1173,TV4512,-10,5,0.892,0.892,0.892
1174,TV4513,0,5,0.952,0.952,0.952
1175,TV4514,0,5,0.588,0.589,0.5885
1176,TV4515,-50,5,0.705,0.706,0.7055
1177,TV4516,0,5,0.876,0.876,0.876
1178,TV4517,0,5,0.966,0.966,0.966
1179,TV4518,0,5,0.88,0.88,0.88
1180,TV4519,-10,5,0.914,0.914,0.914
1181,TV4520,-5,5,0.838,0.838,0.838
1182,TV4521,0,5,0.95,0.95,0.95
1183,TV4522,-5,5,0.925,0.926,0.9255
1184,TV4523,0,5,0.561,0.561,0.561
1185,TV4524,0,5,0.967,0.967,0.967
1186,TV4525,-10,5,0.959,0.959,0.959
1187,TV4526,-5,5,0.657,0.657,0.657
1189,TV4528,0,5,0.937,0.937,0.937
1190,TV4529,0,5,0.054,0.054,0.054
1191,TV4530,0,5,0.903,0.903,0.903
1192,TV4531,0,5,0.953,0.953,0.953
1193,TV4532,-30,5,0.954,0.954,0.954
1194,TV4533,0,5,0.957,0.957,0.957
1195,TV4534,-45,5,0.928,0.927,0.9275
1196,TV4535,-40,5,0.523,0.523,0.523
1197,TV4536,0,5,0.937,0.936,0.9365
1198,TV4537,0,5,0.885,0.885,0.885
1200,TV4539,0,5,0.59,0.589,0.5895
1201,TV4540,-10,5,0.93,0.93,0.93
1203,TV4542,0,5,0.231,0.232,0.2315
1204,TV4543,-5,5,0.366,0.366,0.366
1205,TV4544,0,5,0.911,0.91,0.9105
1206,TV4545,0,5,0.613,0.613,0.613
1207,TV4546,0,5,0.969,0.969,0.969
1208,TV4547,0,5,0.874,0.874,0.874
1209,TV4547,0,5,0.874,0.874,0.874
1210,TV4548,0,5,0.94,0.94,0.94
1211,TV4549,0,5,0.922,0.921,0.9215
1212,TV4550,0,5,0.793,0.793,0.793
1213,TV4551,-10,5,0.874,0.874,0.874
1214,TV4552,0,5,0.868,0.867,0.8675
1215,TV4553,0,5,0.961,0.961,0.961
1216,TV4554,0,5,0.921,0.921,0.921
1217,TV4555,0,5,0.933,0.933,0.933
1218,TV4556,-5,5,0.962,0.962,0.962
1219,TV4557,0,5,0.866,0.865,0.8655
1220,TV4558,0,5,0.924,0.924,0.924
1221,TV4559,0,5,0.816,0.817,0.8165
1222,TV4560,0,5,0.37,0.37,0.37
1223,TV4561,-20,5,0.634,0.635,0.6345
1224,TV4562,0,5,0.909,0.909,0.909
1225,TV4563,0,5,0.538,0.538,0.538
1226,TV4564,0,5,0.577,0.579,0.578
1227,TV4565,0,5,0.545,0.544,0.5445
1228,TV4566,0,5,0.391,0.392,0.3915
1229,TV4567,0,5,0.886,0.885,0.8855
1230,TV4568,0,5,0.403,0.403,0.403
1231,TV4569,0,5,0.591,0.591,0.591
1232,TV4570,-10,5,0.901,0.902,0.9015
1233,TV4571,0,5,0.807,0.807,0.807
1234,TV4572,0,5,0.697,0.697,0.697
1235,TV4573,0,5,0.24,0.242,0.241
1236,TV4751,0,5,0.552,0.553,0.5525
1237,TV4752,0,5,0.964,0.964,0.964
1238,TV4753,-10,5,0.69,0.689,0.6895
1239,TV4754,0,5,0.887,0.888,0.8875
1240,TV4755,0,5,0.715,0.715,0.715
1241,TV4756,-10,5,0.502,0.502,0.502
1242,TV4757,0,5,0.817,0.818,0.8175
1243,TV4758,0,5,0.826,0.825,0.8255
1244,TV4759,0,5,0.891,0.891,0.891
1245,TV4760,0,5,0.96,0.96,0.96
1246,TV4761,0,5,0.937,0.937,0.937
1247,TV4762,-10,5,0.933,0.933,0.933
1248,TV4763,0,5,0.905,0.905,0.905
1249,TV4764,0,5,0.968,0.968,0.968
1250,TV4765,0,5,0.328,0.328,0.328
1251,TV4766,0,5,0.853,0.853,0.853
1252,TV4767,0,5,0.254,0.255,0.2545
1253,TV4768,0,5,0.969,0.969,0.969
1254,TV4769,0,5,0.945,0.945,0.945
1255,TV4770,-10,5,0.826,0.825,0.8255
1256,TV4771,-5,5,0.963,0.963,0.963
1257,TV4772,0,5,0.667,0.667,0.667
1258,TV4773,0,5,0.966,0.966,0.966
1259,TV4774,0,5,0.951,0.951,0.951
1260,TV4775,0,5,0.797,0.798,0.7975
1261,TV4776,-10,5,0.888,0.888,0.888
1262,TV4777,-40,5,0.206,0.207,0.2065
1263,TV4778,0,5,0.246,0.245,0.2455
1264,TV4779,-10,5,0.045,0.045,0.045
1265,TV4780,0,5,0.794,0.793,0.7935
1266,TV4781,0,5,0.291,0.291,0.291
1267,TV4782,0,5,0.112,0.113,0.1125
1268,TV4783,0,5,0.866,0.866,0.866
1269,TV4784,-10,5,0.532,0.532,0.532
1270,TV4785,0,5,0.95,0.95,0.95
1271,TV4786,0,5,0.307,0.307,0.307
1272,TV4787,-10,5,0.713,0.713,0.713
1273,TV4788,0,5,0.269,0.27,0.2695
1274,TV4789,0,5,0.911,0.911,0.911
1275,TV4790,0,5,0.866,0.866,0.866
1276,TV4791,0,5,0.84,0.84,0.84
1277,TV4792,-10,5,0.104,0.104,0.104
1278,TV4793,0,5,0.891,0.891,0.891
1279,TV4794,0,5,0.628,0.629,0.6285
1280,TV4795,0,5,0.184,0.183,0.1835
1281,TV4796,0,5,0.87,0.871,0.8705
1282,TV4797,0,5,0.796,0.796,0.796
1283,TV4798,0,5,0.895,0.895,0.895
1284,TV4799,-10,5,0.892,0.892,0.892
1285,TV4800,0,5,0.875,0.874,0.8745
1286,TV4801,-10,5,0.847,0.847,0.847
1287,TV4802,0,5,0.929,0.929,0.929
1288,TV4803,0,5,0.929,0.929,0.929
1289,TV4804,0,5,0.829,0.83,0.8295
1290,TV4805,0,5,0.908,0.908,0.908
1291,TV4806,0,5,0.928,0.928,0.928
1292,TV4807,-10,5,0.865,0.865,0.865
1293,TV4808,-35,5,0.881,0.879,0.88
1294,TV4809,0,5,0.898,0.898,0.898
1295,TV4810,0,5,0.858,0.857,0.8575
1296,TV4811,0,5,0.84,0.84,0.84
1297,TV4812,-5,5,0.818,0.818,0.818
1298,TV4813,-10,5,0.963,0.963,0.963
1299,TV4814,0,5,0.938,0.938,0.938
1300,TV4815,-10,5,0.963,0.963,0.963
1301,TV4816,-15,5,0.869,0.869,0.869
1302,TV4817,0,5,0.926,0.926,0.926
1303,TV4818,-5,5,0.817,0.816,0.8165
1304,TV4819,-10,5,0.958,0.958,0.958
1305,TV4820,0,5,0.942,0.942,0.942
1306,TV4821,0,5,0.943,0.943,0.943
1307,TV4822,-5,5,0.913,0.913,0.913
1308,TV4823,0,5,0.952,0.952,0.952
1309,TV4824,0,5,0.885,0.885,0.885
1310,TV4825,-10,5,0.894,0.893,0.8935
1311,TV4826,-5,5,0.885,0.885,0.885
1312,TV4827,-10,5,0.94,0.94,0.94
1313,TV4828,-10,5,0.951,0.951,0.951
1314,TV4829,0,5,0.946,0.946,0.946
1315,TV4830,0,5,0.959,0.959,0.959
1316,TV4831,0,5,0.366,0.366,0.366
1317,TV4832,0,5,0.878,0.876,0.877
1318,TV4833,0,5,0.929,0.928,0.9285
1319,TV4834,-5,5,0.911,0.911,0.911
1320,TV4835,0,5,0.93,0.93,0.93
1321,TV4836,-5,5,0.889,0.888,0.8885
1322,TV4837,0,5,0.785,0.786,0.7855
1323,TV4838,0,5,0.709,0.709,0.709
1324,TV4839,0,5,0.885,0.884,0.8845
1325,TV5001,-10,5,0.859,0.858,0.8585
1326,TV5002,0,5,0.034,0.034,0.034
1331,TV5019,-10,5,0.084,0.084,0.084
1332,TV5020,-30,5,0.278,0.279,0.2785
1333,TV5021,-30,5,0.136,0.136,0.136
1334,TV5022,-40,5,0.116,0.115,0.1155
1335,TV5023,-5,5,0.041,0.041,0.041
1336,TV5024,-5,5,0.079,0.079,0.079
1337,TV5025,0,5,0.704,0.704,0.704
1338,TV5026,0,5,0.888,0.888,0.888
1339,TV5028,-30,5,0.266,0.267,0.2665
1340,TV5029,-30,5,0.184,0.185,0.1845
1341,TV5030,-20,5,0.207,0.208,0.2075
1342,TV5031,0,5,0.141,0.142,0.1415
1343,TV5032,0,5,0.062,0.062,0.062
1344,TV5033,-20,5,0.064,0.065,0.0645
1345,TV5034,-10,5,0.097,0.098,0.0975
1346,TV5035,0,5,0.226,0.226,0.226
1347,TV5037,0,5,0.225,0.226,0.2255
1348,TV5038,0,5,0.186,0.186,0.186
1349,TV5039,-5,5,0.096,0.096,0.096
1350,TV5040,0,5,0.077,0.077,0.077
1351,TV5041,0,5,0.039,0.039,0.039
1352,TV5042,0,5,0.123,0.123,0.123
1353,TV5043,-5,5,0.138,0.138,0.138
1354,TV5044,0,5,0.273,0.274,0.2735
1355,TV5045,0,5,0.18,0.181,0.1805
1356,TV5046,0,5,0.086,0.087,0.0865
1357,TV5047,0,5,0.158,0.157,0.1575
1358,TV5048,-5,5,0.377,0.377,0.377
1359,TV5049,0,5,0.048,0.048,0.048
1360,TV5050,0,5,0.081,0.081,0.081
1361,TV5051,-40,5,0.217,0.218,0.2175
1362,TV5052,0,5,0.12,0.12,0.12
1363,TV5053,0,5,0.119,0.12,0.1195
1364,TV5054,-30,5,0.111,0.11,0.1105
1365,TV5055,-30,5,0.204,0.204,0.204
1366,TV5056,0,5,0.365,0.366,0.3655
1367,TV5057,-5,5,0.677,0.675,0.676
1368,TV5058,0,5,0.833,0.833,0.833
1369,TV5059,0,5,0.618,0.618,0.618
1370,TV5060,0,5,0.619,0.618,0.6185
1371,TV5061,0,5,0.619,0.618,0.6185
1372,TV5062,0,5,0.384,0.384,0.384
1373,TV5063,0,5,0.585,0.586,0.5855
1374,TV5064,-5,5,0.077,0.077,0.077
1375,TV5065,0,5,0.212,0.212,0.212
1376,TV5066,0,5,0.555,0.555,0.555
1377,TV5067,0,5,0.221,0.222,0.2215
1378,TV5068,0,5,0.263,0.262,0.2625
1379,TV5069,-30,5,0.136,0.137,0.1365
1381,TV5071,0,5,0.069,0.07,0.0695
1382,TV5073,0,5,0.254,0.254,0.254
1383,TV5074,-30,5,0.689,0.688,0.6885
1384,TV5075,0,5,0.058,0.059,0.0585
1385,TV5076,-25,5,0.153,0.153,0.153
1386,TV5077,-5,5,0.712,0.712,0.712
1387,TV5078,-40,5,0.127,0.128,0.1275
1388,TV5079,0,5,0.083,0.083,0.083
1389,TV5080,-10,5,0.055,0.055,0.055
1390,TV5081,0,5,0.13,0.13,0.13
1391,TV5082,0,5,0.22,0.22,0.22
1392,TV5083,-35,5,0.941,0.941,0.941
1393,TV5084,0,5,0.097,0.097,0.097
1394,TV5085,0,5,0.323,0.325,0.324
1395,TV5086,-5,5,0.128,0.13,0.129
1396,TV5087,-10,5,0.062,0.062,0.062
1397,TV5088,-10,5,0.049,0.049,0.049
1398,TV5111,-30,5,0.258,0.259,0.2585
1399,TV5112,-30,5,0.124,0.126,0.125
1400,TV5113,0,5,0.036,0.036,0.036
1401,TV5114,-30,5,0.092,0.092,0.092
1402,TV5115,-5,5,0.812,0.811,0.8115
1403,TV5116,-30,5,0.074,0.074,0.074
1404,TV5117,0,5,0.575,0.575,0.575
1405,TV5118,0,5,0.852,0.851,0.8515
1406,TV5119,0,5,0.704,0.703,0.7035
1407,TV5120,-30,5,0.816,0.816,0.816
1408,TV5121,-10,5,0.471,0.472,0.4715
1409,TV5122,0,5,0.857,0.857,0.857
1410,TV5123,-30,5,0.953,0.953,0.953
1411,TV5124,0,5,0.89,0.89,0.89
1412,TV5125,-20,5,0.914,0.913,0.9135
1413,TV5126,0,5,0.891,0.89,0.8905
1414,TV5127,0,5,0.89,0.89,0.89
1415,TV5128,0,5,0.96,0.96,0.96
1416,TV5129,-30,5,0.866,0.866,0.866
1417,TV5130,0,5,0.726,0.727,0.7265
1418,TV5131,0,5,0.951,0.951,0.951
1419,TV5132,0,5,0.761,0.761,0.761
1420,TV5138,-10,5,0.733,0.733,0.733
1421,TV5139,-10,5,0.952,0.952,0.952
1422,TV5140,0,5,0.788,0.788,0.788
1425,TV5143,-10,5,0.872,0.872,0.872
1426,TV5144,-30,5,0.764,0.763,0.7635
1427,TV5145,0,5,0.667,0.666,0.6665
1428,TV5146,-30,5,0.072,0.072,0.072
1429,TV5147,0,5,0.876,0.876,0.876
1430,TV5148,-30,5,0.769,0.769,0.769
1431,TV5149,-5,5,0.466,0.467,0.4665
1432,TV5150,0,5,0.758,0.759,0.7585
1433,TV5151,0,5,0.849,0.848,0.8485
1434,TV5152,0,5,0.849,0.849,0.849
1435,TV5153,0,5,0.848,0.849,0.8485
1436,TV5154,-40,5,0.054,0.054,0.054
1438,TV5156,-10,5,0.314,0.315,0.3145
1439,TV5157,0,5,0.363,0.363,0.363
1440,TV5158,0,5,0.364,0.363,0.3635
1441,TV5159,0,5,0.363,0.364,0.3635
1442,TV5160,0,5,0.363,0.364,0.3635
1443,TV5161,0,5,0.363,0.363,0.363
1444,TV5163,0,5,0.071,0.071,0.071
1445,TV5164,-30,5,0.117,0.117,0.117
1446,TV5165,-5,5,0.385,0.385,0.385
1447,TV5166,-10,5,0.506,0.508,0.507
1448,TV5167,0,5,0.333,0.334,0.3335
1449,TV5168,-5,5,0.087,0.087,0.087
1450,TV5169,-30,5,0.732,0.731,0.7315
1452,TV5171,-10,5,0.829,0.828,0.8285
1453,TV5172,0,5,0.744,0.744,0.744
1454,TV5173,-5,5,0.171,0.17,0.1705
1455,TV5174,0,5,0.345,0.344,0.3445
1456,TV5175,0,5,0.927,0.927,0.927
1457,TV5176,-10,5,0.923,0.923,0.923
1458,TV5177,-5,5,0.373,0.375,0.374
1459,TV5178,0,5,0.477,0.477,0.477
1460,TV5179,0,5,0.699,0.699,0.699
1461,TV5180,0,5,0.179,0.178,0.1785
1462,TV5181,0,5,0.904,0.904,0.904
1463,TV5182,0,5,0.621,0.621,0.621
1464,TV5183,0,5,0.909,0.909,0.909
1465,TV5184,0,5,0.902,0.902,0.902
1466,TV5185,-35,5,0.174,0.173,0.1735
1467,TV5186,-10,5,0.896,0.895,0.8955
1468,TV5187,-30,5,0.923,0.923,0.923
1469,TV5188,-5,5,0.686,0.686,0.686
1470,TV5189,-5,5,0.71,0.711,0.7105
1471,TV5190,-40,5,0.642,0.643,0.6425
1472,TV5191,-45,5,0.527,0.527,0.527
1473,TV5192,0,5,0.885,0.884,0.8845
1474,TV5193,0,5,0.264,0.263,0.2635
1475,TV5194,0,5,0.135,0.135,0.135
1476,TV5195,-10,5,0.543,0.542,0.5425
1477,TV5196,0,5,0.419,0.419,0.419
1478,TV5197,0,5,0.945,0.944,0.9445
1479,TV5198,0,5,0.126,0.127,0.1265
1480,TV5199,-30,5,0.13,0.129,0.1295
1481,TV5200,0,5,0.904,0.904,0.904
1482,TV5201,0,5,0.127,0.128,0.1275
1483,TV5202,0,5,0.724,0.725,0.7245
1484,TV5203,0,5,0.74,0.738,0.739
1485,TV5204,0,5,0.84,0.839,0.8395
1486,TV5205,0,5,0.515,0.514,0.5145
1487,TV5206,0,5,0.509,0.509,0.509
1488,TV5207,0,5,0.938,0.938,0.938
1489,TV5208,0,5,0.678,0.678,0.678
1490,TV5209,0,5,0.771,0.771,0.771
1491,TV5210,0,5,0.683,0.683,0.683
1492,TV5211,-30,5,0.907,0.907,0.907
1493,TV5212,0,5,0.949,0.949,0.949
1494,TV5213,0,5,0.908,0.908,0.908
1495,TV5214,-10,5,0.807,0.806,0.8065
1496,TV5215,-30,5,0.952,0.952,0.952
1497,TV5216,-15,5,0.836,0.837,0.8365
1498,TV5217,0,5,0.866,0.865,0.8655
1499,TV5218,-5,5,0.884,0.883,0.8835
1500,TV5219,0,5,0.894,0.894,0.894
1501,TV5220,-5,5,0.947,0.947,0.947
1502,TV5221,-30,5,0.771,0.772,0.7715
1503,TV5222,-30,5,0.906,0.906,0.906
1504,TV5223,-30,5,0.886,0.886,0.886
1505,TV5224,0,5,0.716,0.715,0.7155
1506,TV5225,-5,5,0.61,0.61,0.61
1507,TV5226,0,5,0.722,0.722,0.722
1508,TV5227,-5,5,0.674,0.673,0.6735
1509,TV5228,-30,5,0.931,0.931,0.931
1510,TV5229,0,5,0.871,0.871,0.871
1511,TV5230,0,5,0.914,0.913,0.9135
1512,TV5231,0,5,0.948,0.948,0.948
1513,TV5232,0,5,0.913,0.913,0.913
1514,TV5233,0,5,0.913,0.913,0.913
1515,TV5234,-5,5,0.864,0.864,0.864
1516,TV5235,0,5,0.935,0.935,0.935
1517,TV5236,0,5,0.932,0.932,0.932
1518,TV5237,0,5,0.701,0.702,0.7015
1519,TV5238,-5,5,0.787,0.786,0.7865
1520,TV5239,-20,5,0.793,0.793,0.793
1521,TV5240,0,5,0.796,0.796,0.796
1522,TV5241,0,5,0.641,0.641,0.641
1523,TV5242,0,5,0.852,0.852,0.852
1524,TV5243,0,5,0.827,0.827,0.827
1525,TV5244,0,5,0.809,0.808,0.8085
1526,TV5245,-20,5,0.905,0.905,0.905
1527,TV5246,-10,5,0.939,0.939,0.939
1528,TV5247,0,5,0.967,0.967,0.967
1529,TV5248,-30,5,0.883,0.882,0.8825
1530,TV5249,0,5,0.762,0.761,0.7615
1531,TV5250,0,5,0.744,0.742,0.743
1532,TV5251,0,5,0.758,0.759,0.7585
1533,TV5252,0,5,0.503,0.502,0.5025
1534,TV5253,0,5,0.789,0.788,0.7885
1535,TV5254,0,5,0.714,0.714,0.714
1536,TV5255,0,5,0.616,0.615,0.6155
1537,TV5256,0,5,0.878,0.877,0.8775
1538,TV5257,0,5,0.884,0.883,0.8835
1539,TV5258,0,5,0.776,0.776,0.776
1540,TV5259,0,5,0.926,0.926,0.926
1541,TV5260,0,5,0.303,0.302,0.3025
1542,TV5261,0,5,0.87,0.869,0.8695
1543,TV5262,0,5,0.864,0.865,0.8645
1544,TV5263,-20,5,0.905,0.905,0.905
1545,TV5264,-30,5,0.905,0.905,0.905
1546,TV5265,-30,5,0.643,0.642,0.6425
1547,TV5266,0,5,0.537,0.537,0.537
1548,TV5267,-25,5,0.798,0.798,0.798
1549,TV5268,0,5,0.101,0.101,0.101
1550,TV5269,0,5,0.512,0.512,0.512
1551,TV5270,0,5,0.923,0.922,0.9225
1552,TV5271,-20,5,0.306,0.306,0.306
1553,TV5272,-20,5,0.305,0.305,0.305
1554,TV5273,0,5,0.841,0.841,0.841
1555,TV5274,0,5,0.927,0.927,0.927
1556,TV5275,0,5,0.108,0.108,0.108
1557,TV5276,-40,5,0.871,0.87,0.8705
1558,TV5277,-10,5,0.871,0.87,0.8705
1559,TV5278,0,5,0.192,0.192,0.192
1560,TV5279,0,5,0.894,0.894,0.894
1561,TV5280,0,5,0.817,0.816,0.8165
1562,TV5281,0,5,0.891,0.891,0.891
1563,TV5282,-30,5,0.76,0.761,0.7605
1564,TV5283,-30,5,0.894,0.894,0.894
1565,TV5284,0,5,0.219,0.22,0.2195
1566,TV5285,0,5,0.509,0.508,0.5085
1567,TV5286,-30,5,0.933,0.932,0.9325
1568,TV5287,0,5,0.751,0.752,0.7515
1569,TV5288,0,5,0.899,0.9,0.8995
1570,TV5289,-5,5,0.608,0.61,0.609
1571,TV5290,0,5,0.95,0.95,0.95
1572,TV5291,0,5,0.798,0.797,0.7975
1573,TV5292,0,5,0.771,0.77,0.7705
1574,TV5293,0,5,0.7,0.699,0.6995
1575,TV5294,0,5,0.713,0.713,0.713
1576,TV5295,0,5,0.328,0.328,0.328
1577,TV5296,0,5,0.82,0.822,0.821
1578,TV5297,0,5,0.764,0.764,0.764
1579,TV5298,0,5,0.617,0.618,0.6175
1580,TV5299,0,5,0.957,0.956,0.9565
1581,TV5300,0,5,0.895,0.895,0.895
1582,TV5301,0,5,0.687,0.686,0.6865
1583,TV5302,-30,5,0.608,0.608,0.608
1584,TV5303,0,5,0.942,0.942,0.942
1585,TV5304,0,5,0.946,0.946,0.946
1586,TV5305,0,5,0.924,0.924,0.924
1587,TV5306,0,5,0.88,0.879,0.8795
1588,TV5307,0,5,0.759,0.759,0.759
1589,TV5308,-30,5,0.81,0.811,0.8105
1590,TV5309,-30,5,0.919,0.919,0.919
1591,TV5310,0,5,0.746,0.745,0.7455
1592,TV5311,-5,5,0.955,0.955,0.955
1593,TV5312,0,5,0.952,0.952,0.952
1594,TV5313,-10,5,0.917,0.917,0.917
1595,TV6300,0,5,0.068,0.069,0.0685
1596,TV6311,0,5,0.048,0.048,0.048
1597,TV6322,0,5,0.048,0.048,0.048
1598,TV6401,0,5,0.07,0.07,0.07
1599,TV6403,0,5,0.335,0.334,0.3345
1600,TV6404,0,5,0.545,0.547,0.546
1601,TV6410,0,5,0.052,0.052,0.052
1602,TV6603,0,5,0.89,0.89,0.89
1603,TV6604,0,5,0.925,0.925,0.925
1604,TV6610,0,5,0.951,0.95,0.9505
1605,TV6613,0,5,0.085,0.085,0.085
1606,TV6614,-10,5,0.707,0.706,0.7065
1607,TV6616,0,5,0.822,0.822,0.822
1608,TV6702,0,5,0.943,0.943,0.943
1609,TV6710,0,5,0.845,0.844,0.8445
1610,TV6711,0,5,0.961,0.961,0.961
1611,TVE0003,-20,5,0.769,0.769,0.769
1612,TVE0004,-15,5,0.618,0.62,0.619
1613,TVE0007,0,5,0.29,0.291,0.2905
1614,TVE0012,-15,5,0.172,0.173,0.1725
1615,TVE0015,0,5,0.052,0.053,0.0525
1616,TVE0019,0,5,0.128,0.13,0.129
1617,TVE0024,0,5,0.066,0.066,0.066
1618,TVE0025,-5,5,0.345,0.344,0.3445
1619,TVE0033,0,5,0.701,0.701,0.701
1620,TVE0036,0,5,0.619,0.619,0.619
1621,TVE0037,0,5,0.83,0.83,0.83
1622,TVE0038,-10,5,0.917,0.917,0.917
1623,TVS0001,-10,2,0.996,0.996,0.996
1624,TVS0003,0,2,0.995,0.995,0.995
1625,TVS0005,0,2,0.997,0.997,0.997
1626,TVS0006,0,2,0.996,0.996,0.996
1627,TVS0007,0,2,0.996,0.996,0.996
1628,TVS0008,-10,2,0.994,0.994,0.994
1629,TVS0009,0,2,0.993,0.994,0.9935
1630,TVS0010,0,2,0.97,0.976,0.973
1631,TVS0011,-10,2,0.997,0.997,0.997
1632,TVS0012,0,2,0.958,0.967,0.9625
1633,TVS0013,-10,2,0.996,0.996,0.996
1634,TVS0014,-30,2,0.997,0.997,0.997
1635,TVS0016,-10,2,0.97,0.976,0.973
1636,TVS0020,-10,2,0.996,0.996,0.996
1637,TVS0200,0,2,0.996,0.996,0.996
1638,TVS0201,-10,2,0.996,0.996,0.996
1639,TVS0202,0,2,0.995,0.995,0.995
1640,TVS0203,-10,2,0.994,0.994,0.994
1641,TVS0204,0,2,0.997,0.997,0.997
1642,TVS0205,-10,2,0.992,0.993,0.9925
1643,TVS0206,0,2,0.997,0.997,0.997
1644,TVS0207,-30,2,0.996,0.996,0.996
1645,TVS0208,-5,2,0.997,0.997,0.997
1646,TVS0209,0,2,0.997,0.997,0.997
1647,TVS0210,0,2,0.995,0.995,0.995
1648,TVS0211,-10,2,0.997,0.996,0.9965
169,TVSt01,-10,2,0.996,0.996,0.996
170,TVSt014,-20,2,0.997,0.997,0.997
171,TVSt015,-10,2,0.996,0.996,0.996
172,TVSt016,-10,2,0.983,0.985,0.984
173,TVSt017,-10,2,0.997,0.996,0.9965
174,TVSt019,-30,2,0.996,0.996,0.996
175,TVSt020,-20,2,0.996,0.996,0.996
176,TVSt0200,0,2,0.996,0.996,0.996
177,TVSt0201,-10,2,0.996,0.996,0.996
178,TVSt0202,0,2,0.995,0.995,0.995
179,TVSt0203,0,2,0.995,0.995,0.995
180,TVSt0204,0,2,0.997,0.997,0.997
181,TVSt0206,0,2,0.997,0.997,0.997
182,TVSt0207,0,2,0.995,0.995,0.995
183,TVSt0208,-5,2,0.997,0.997,0.997
184,TVSt0209,0,2,0.997,0.997,0.997
185,TVSt021,0,2,0.997,0.997,0.997
186,TVSt0210,0,2,0.995,0.995,0.995
187,TVSt0211,-10,2,0.997,0.996,0.9965
188,TVSt022,0,2,0.995,0.995,0.995
189,TVSt023,-10,2,0.996,0.996,0.996
190,TVSt03,0,2,0.995,0.995,0.995
191,TVSt05,0,2,0.997,0.997,0.997
192,TVSt06,0,2,0.996,0.996,0.996
193,TVSt074,0,2,0.997,0.997,0.997
194,TVSt075,-10,2,0.998,0.997,0.9975
195,TVSt076,-10,2,0.997,0.997,0.997
196,TVSt077,-10,2,0.986,0.989,0.9875
197,TVSt078,-10,2,0.995,0.995,0.995
198,TVSt079,-10,2,0.994,0.994,0.994
199,TVSt08,-10,2,0.994,0.994,0.994
200,TVSt080,0,2,0.996,0.996,0.996
201,TVSt09,0,2,0.993,0.994,0.9935
202,TVSt10,0,2,0.97,0.976,0.973
203,TVSt11,-10,2,0.997,0.997,0.997
204,TVSt12,0,2,0.958,0.967,0.9625
205,TVSt13,-20,2,0.995,0.995,0.995